Run,ReleaseDate,LoadDate,spots,bases,spots_with_mates,avgLength,size_MB,AssemblyName,download_path,Experiment,LibraryName,LibraryStrategy,LibrarySelection,LibrarySource,LibraryLayout,InsertSize,InsertDev,Platform,Model,SRAStudy,BioProject,Study_Pubmed_id,ProjectID,Sample,BioSample,SampleType,TaxID,ScientificName,SampleName,g1k_pop_code,source,g1k_analysis_group,Subject_ID,Sex,Disease,Tumor,Affection_Status,Analyte_Type,Histological_Type,Body_Site,CenterName,Submission,dbgap_study_accession,Consent,RunHash,ReadHash
SRR12798348,2020-11-16 21:51:20,2020-10-08 16:25:49,7132132,2153903864,7132132,302,934,,https://sra-download.ncbi.nlm.nih.gov/traces/sra16/SRR/012498/SRR12798348,SRX9267334,T144767,WGS,RANDOM,GENOMIC,PAIRED,0,0,ILLUMINA,Illumina HiSeq 4000,SRP286801,PRJNA667732,3,667732,SRS7496814,SAMN16380844,simple,74940,Oncorhynchus tshawytscha,DPCh_plate1_A01,,,,,not collected,,no,,,,,NOAA FISHERIES,SRA1139318,,public,4F2034B81C28EBC0B5647FD00562B4FF,E27D36D50B040192F286BCB967749DB2
SRR12798282,2020-11-16 21:51:21,2020-10-08 16:30:51,16653941,5029490182,16653941,302,2034,,https://sra-download.ncbi.nlm.nih.gov/traces/sra65/SRR/012498/SRR12798282,SRX9267400,T144804,WGS,RANDOM,GENOMIC,PAIRED,0,0,ILLUMINA,Illumina HiSeq 4000,SRP286801,PRJNA667732,3,667732,SRS7496880,SAMN16380852,simple,74940,Oncorhynchus tshawytscha,DPCh_plate1_A02,,,,,not collected,,no,,,,,NOAA FISHERIES,SRA1139318,,public,AA9F4B50CE0D77498BDDC84209730495,D3D345BAADF1EF8D5B38D8554E126769
SRR12798319,2020-11-16 21:51:20,2020-10-08 16:25:11,7500563,2265170026,7500563,302,854,,https://sra-download.ncbi.nlm.nih.gov/traces/sra72/SRR/012498/SRR12798319,SRX9267363,T145118,WGS,RANDOM,GENOMIC,PAIRED,0,0,ILLUMINA,Illumina HiSeq 4000,SRP286801,PRJNA667732,3,667732,SRS7496843,SAMN16380868,simple,74940,Oncorhynchus tshawytscha,DPCh_plate1_A04,,,,,not collected,,no,,,,,NOAA FISHERIES,SRA1139318,,public,017519F2EE3EB45C1967B5B106B7790A,ED83B22964005E18DD7CF6C9A675C279
SRR12798310,2020-11-16 21:51:21,2020-10-08 16:27:54,11704159,3534656018,11704159,302,1488,,https://sra-download.ncbi.nlm.nih.gov/traces/sra56/SRR/012498/SRR12798310,SRX9267372,T144863,WGS,RANDOM,GENOMIC,PAIRED,0,0,ILLUMINA,Illumina HiSeq 4000,SRP286801,PRJNA667732,3,667732,SRS7496852,SAMN16380876,simple,74940,Oncorhynchus tshawytscha,DPCh_plate1_A05,,,,,not collected,,no,,,,,NOAA FISHERIES,SRA1139318,,public,6C2FF3641AC34362B2C85B11C298911B,F5CB93D6DCEE5421AF498E565B302AE4
SRR12798301,2020-11-16 21:51:21,2020-10-08 16:24:50,6307576,1904887952,6307576,302,772,,https://sra-download.ncbi.nlm.nih.gov/traces/sra57/SRR/012498/SRR12798301,SRX9267381,T144906,WGS,RANDOM,GENOMIC,PAIRED,0,0,ILLUMINA,Illumina HiSeq 4000,SRP286801,PRJNA667732,3,667732,SRS7496861,SAMN16380884,simple,74940,Oncorhynchus tshawytscha,DPCh_plate1_A06,,,,,not collected,,no,,,,,NOAA FISHERIES,SRA1139318,,public,D91AE6682D091013FD6294BE87B86DCB,A61E60988DC47F99269C647CDFF28932
SRR12798372,2020-11-16 21:51:20,2020-10-08 16:33:41,15497144,4680137488,15497144,302,1974,,https://sra-download.ncbi.nlm.nih.gov/traces/sra60/SRR/012498/SRR12798372,SRX9267310,T145142,WGS,RANDOM,GENOMIC,PAIRED,0,0,ILLUMINA,Illumina HiSeq 4000,SRP286801,PRJNA667732,3,667732,SRS7496790,SAMN16380900,simple,74940,Oncorhynchus tshawytscha,DPCh_plate1_A08,,,,,not collected,,no,,,,,NOAA FISHERIES,SRA1139318,,public,2EA07A54F0048BF412D55FC4D7104F35,EC73C42B31CFDE9880E9C7659FA1A91C
SRR12798363,2020-11-16 21:51:20,2020-10-08 16:29:00,10350869,3125962438,10350869,302,1315,,https://sra-download.ncbi.nlm.nih.gov/traces/sra79/SRR/012498/SRR12798363,SRX9267319,T144959,WGS,RANDOM,GENOMIC,PAIRED,0,0,ILLUMINA,Illumina HiSeq 4000,SRP286801,PRJNA667732,3,667732,SRS7496799,SAMN16380908,simple,74940,Oncorhynchus tshawytscha,DPCh_plate1_A09,,,,,not collected,,no,,,,,NOAA FISHERIES,SRA1139318,,public,6AB664F2DE59470F12D78E2B07D03D32,76798FA5B4DDB84BBCE6E2416F34D873
SRR12798290,2020-11-16 21:51:21,2020-10-08 16:29:22,14171257,4279719614,14171257,302,1778,,https://sra-download.ncbi.nlm.nih.gov/traces/sra57/SRR/012498/SRR12798290,SRX9267392,T144980,WGS,RANDOM,GENOMIC,PAIRED,0,0,ILLUMINA,Illumina HiSeq 4000,SRP286801,PRJNA667732,3,667732,SRS7496872,SAMN16380916,simple,74940,Oncorhynchus tshawytscha,DPCh_plate1_A10,,,,,not collected,,no,,,,,NOAA FISHERIES,SRA1139318,,public,09924FC5624E6A3C22101EA6FF06D4C3,2F9C2995C9E1EACD9A2D83E31CDDF824
SRR12798281,2020-11-16 21:51:21,2020-10-08 16:27:35,10949188,3306654776,10949188,302,1430,,https://sra-download.ncbi.nlm.nih.gov/traces/sra72/SRR/012498/SRR12798281,SRX9267401,T145151,WGS,RANDOM,GENOMIC,PAIRED,0,0,ILLUMINA,Illumina HiSeq 4000,SRP286801,PRJNA667732,3,667732,SRS7496881,SAMN16380924,simple,74940,Oncorhynchus tshawytscha,DPCh_plate1_A11,,,,,not collected,,no,,,,,NOAA FISHERIES,SRA1139318,,public,A564B30970326EB18108356675E1D17D,9F0C91E9C8563263F7DC886F2E1FE283
SRR12798361,2020-11-16 21:51:20,2020-10-08 16:32:06,12939148,3907622696,12939148,302,1635,,https://sra-download.ncbi.nlm.nih.gov/traces/sra56/SRR/012498/SRR12798361,SRX9267321,T145192,WGS,RANDOM,GENOMIC,PAIRED,0,0,ILLUMINA,Illumina HiSeq 4000,SRP286801,PRJNA667732,3,667732,SRS7496801,SAMN16380932,simple,74940,Oncorhynchus tshawytscha,DPCh_plate1_A12,,,,,not collected,,no,,,,,NOAA FISHERIES,SRA1139318,,public,900F5D6507D8C0636FC89609F69E50F4,8ACC74EBB08FBABD392D993B912D5867
SRR12798347,2020-11-16 21:51:20,2020-10-08 16:30:58,13199797,3986338694,13199797,302,1609,,https://sra-download.ncbi.nlm.nih.gov/traces/sra2/SRR/012498/SRR12798347,SRX9267335,T144770,WGS,RANDOM,GENOMIC,PAIRED,0,0,ILLUMINA,Illumina HiSeq 4000,SRP286801,PRJNA667732,3,667732,SRS7496815,SAMN16380845,simple,74940,Oncorhynchus tshawytscha,DPCh_plate1_B01,,,,,not collected,,no,,,,,NOAA FISHERIES,SRA1139318,,public,60EA1A36335EE3F6F470E3C2818D5A52,FF9FEE52ACEF6B0676817FAF543BCC5F
SRR12798359,2020-11-16 21:51:20,2020-10-08 16:30:42,15117023,4565340946,15117023,302,1859,,https://sra-download.ncbi.nlm.nih.gov/traces/sra65/SRR/012498/SRR12798359,SRX9267323,T144805,WGS,RANDOM,GENOMIC,PAIRED,0,0,ILLUMINA,Illumina HiSeq 4000,SRP286801,PRJNA667732,3,667732,SRS7496803,SAMN16380853,simple,74940,Oncorhynchus tshawytscha,DPCh_plate1_B02,,,,,not collected,,no,,,,,NOAA FISHERIES,SRA1139318,,public,50587E9B159D6BBBB7734FF2A2CAACD2,CEAA56A307604B5CAEDD70976040B436
SRR12798318,2020-11-16 21:51:20,2020-10-08 16:27:53,11642602,3516065804,11642602,302,1403,,https://sra-download.ncbi.nlm.nih.gov/traces/sra78/SRR/012498/SRR12798318,SRX9267364,T145119,WGS,RANDOM,GENOMIC,PAIRED,0,0,ILLUMINA,Illumina HiSeq 4000,SRP286801,PRJNA667732,3,667732,SRS7496844,SAMN16380869,simple,74940,Oncorhynchus tshawytscha,DPCh_plate1_B04,,,,,not collected,,no,,,,,NOAA FISHERIES,SRA1139318,,public,F52C7145BBCD20D42F631E8FA5694B2A,1758FC2E55F12E3327B58CAD2C14060A
SRR12798309,2020-11-16 21:51:21,2020-10-08 16:33:41,15273303,4612537506,15273303,302,1934,,https://sra-download.ncbi.nlm.nih.gov/traces/sra0/SRR/012498/SRR12798309,SRX9267373,T144870,WGS,RANDOM,GENOMIC,PAIRED,0,0,ILLUMINA,Illumina HiSeq 4000,SRP286801,PRJNA667732,3,667732,SRS7496853,SAMN16380877,simple,74940,Oncorhynchus tshawytscha,DPCh_plate1_B05,,,,,not collected,,no,,,,,NOAA FISHERIES,SRA1139318,,public,F53556B4463C0F452F617B6F891C8B81,8B583927A34930E03486A520FACFFEE5
SRR12798300,2020-11-16 21:51:21,2020-10-08 16:41:51,13691931,4134963162,13691931,302,1671,,https://sra-download.ncbi.nlm.nih.gov/traces/sra8/SRR/012498/SRR12798300,SRX9267382,T144911,WGS,RANDOM,GENOMIC,PAIRED,0,0,ILLUMINA,Illumina HiSeq 4000,SRP286801,PRJNA667732,3,667732,SRS7496862,SAMN16380885,simple,74940,Oncorhynchus tshawytscha,DPCh_plate1_B06,,,,,not collected,,no,,,,,NOAA FISHERIES,SRA1139318,,public,C89B9F96EE14B309DEE8A9546995385E,B71AAE53F7D134E6473ABE3B77BDEF36
SRR12798371,2020-11-16 21:51:20,2020-10-08 16:32:21,14332764,4328494728,14332764,302,1788,,https://sra-download.ncbi.nlm.nih.gov/traces/sra59/SRR/012498/SRR12798371,SRX9267311,T145144,WGS,RANDOM,GENOMIC,PAIRED,0,0,ILLUMINA,Illumina HiSeq 4000,SRP286801,PRJNA667732,3,667732,SRS7496791,SAMN16380901,simple,74940,Oncorhynchus tshawytscha,DPCh_plate1_B08,,,,,not collected,,no,,,,,NOAA FISHERIES,SRA1139318,,public,840D6E893A5CDBD9518B23C9A326FD32,A28E779A2B30794CD5102DFD32A787FA
SRR12798362,2020-11-16 21:51:20,2020-10-08 16:37:31,20013083,6043951066,20013083,302,2528,,https://sra-download.ncbi.nlm.nih.gov/traces/sra52/SRR/012498/SRR12798362,SRX9267320,T144960,WGS,RANDOM,GENOMIC,PAIRED,0,0,ILLUMINA,Illumina HiSeq 4000,SRP286801,PRJNA667732,3,667732,SRS7496800,SAMN16380909,simple,74940,Oncorhynchus tshawytscha,DPCh_plate1_B09,,,,,not collected,,no,,,,,NOAA FISHERIES,SRA1139318,,public,2F442E994BFEC0663F142E04B12C6B24,7CBB11E1A14BF895B50A39386C9823E5
SRR12798289,2020-11-16 21:51:21,2020-10-08 16:34:48,15408872,4653479344,15408872,302,1968,,https://sra-download.ncbi.nlm.nih.gov/traces/sra24/SRR/012498/SRR12798289,SRX9267393,T144981,WGS,RANDOM,GENOMIC,PAIRED,0,0,ILLUMINA,Illumina HiSeq 4000,SRP286801,PRJNA667732,3,667732,SRS7496873,SAMN16380917,simple,74940,Oncorhynchus tshawytscha,DPCh_plate1_B10,,,,,not collected,,no,,,,,NOAA FISHERIES,SRA1139318,,public,D607F29279778910B7F351BB94922171,6C0735C9B930E061ECAF888A787EB967
SRR12798280,2020-11-16 21:51:21,2020-10-08 16:34:33,16771853,5065099606,16771853,302,2094,,https://sra-download.ncbi.nlm.nih.gov/traces/sra72/SRR/012498/SRR12798280,SRX9267402,T145152,WGS,RANDOM,GENOMIC,PAIRED,0,0,ILLUMINA,Illumina HiSeq 4000,SRP286801,PRJNA667732,3,667732,SRS7496882,SAMN16380925,simple,74940,Oncorhynchus tshawytscha,DPCh_plate1_B11,,,,,not collected,,no,,,,,NOAA FISHERIES,SRA1139318,,public,6CE2B16CE14205A1752D38A9583149C3,F4D237A745E26A7D22ABFD8BE2ECF943
SRR12798360,2020-11-16 21:51:20,2020-10-08 16:33:58,16981583,5128438066,16981583,302,2165,,https://sra-download.ncbi.nlm.nih.gov/traces/sra1/SRR/012498/SRR12798360,SRX9267322,T145193,WGS,RANDOM,GENOMIC,PAIRED,0,0,ILLUMINA,Illumina HiSeq 4000,SRP286801,PRJNA667732,3,667732,SRS7496802,SAMN16380933,simple,74940,Oncorhynchus tshawytscha,DPCh_plate1_B12,,,,,not collected,,no,,,,,NOAA FISHERIES,SRA1139318,,public,100A6B452A097135F552ECC06B2631F5,67E807AC7E321B5E4E4ABD4EE7456CC3
SRR12798346,2020-11-16 21:51:20,2020-10-08 16:28:58,18092299,5463874298,18092299,302,2262,,https://sra-download.ncbi.nlm.nih.gov/traces/sra59/SRR/012498/SRR12798346,SRX9267336,T144806,WGS,RANDOM,GENOMIC,PAIRED,0,0,ILLUMINA,Illumina HiSeq 4000,SRP286801,PRJNA667732,3,667732,SRS7496816,SAMN16380854,simple,74940,Oncorhynchus tshawytscha,DPCh_plate1_C02,,,,,not collected,,no,,,,,NOAA FISHERIES,SRA1139318,,public,71941EB1EA51D3091C84D2A4019668E3,062D5F36AE472E1431F59DB13CE90626
SRR12798317,2020-11-16 21:51:20,2020-10-08 16:28:31,12513693,3779135286,12513693,302,1515,,https://sra-download.ncbi.nlm.nih.gov/traces/sra77/SRR/012498/SRR12798317,SRX9267365,T145120,WGS,RANDOM,GENOMIC,PAIRED,0,0,ILLUMINA,Illumina HiSeq 4000,SRP286801,PRJNA667732,3,667732,SRS7496846,SAMN16380870,simple,74940,Oncorhynchus tshawytscha,DPCh_plate1_C04,,,,,not collected,,no,,,,,NOAA FISHERIES,SRA1139318,,public,33F1BD594A8A737D0F376413F9406329,7545209304414205CA0968ACB173FD97
SRR12798308,2020-11-16 21:51:21,2020-10-08 16:32:43,18644314,5630582828,18644314,302,2362,,https://sra-download.ncbi.nlm.nih.gov/traces/sra62/SRR/012498/SRR12798308,SRX9267374,T144871,WGS,RANDOM,GENOMIC,PAIRED,0,0,ILLUMINA,Illumina HiSeq 4000,SRP286801,PRJNA667732,3,667732,SRS7496854,SAMN16380878,simple,74940,Oncorhynchus tshawytscha,DPCh_plate1_C05,,,,,not collected,,no,,,,,NOAA FISHERIES,SRA1139318,,public,493E6228BF6C0FC6E2A229218D38BC86,C4EB4E7D4E2C47EC01AD6C8F99AFA54C
SRR12798299,2020-11-16 21:51:21,2020-10-08 16:30:13,13630083,4116285066,13630083,302,1668,,https://sra-download.ncbi.nlm.nih.gov/traces/sra67/SRR/012498/SRR12798299,SRX9267383,T144920,WGS,RANDOM,GENOMIC,PAIRED,0,0,ILLUMINA,Illumina HiSeq 4000,SRP286801,PRJNA667732,3,667732,SRS7496864,SAMN16380886,simple,74940,Oncorhynchus tshawytscha,DPCh_plate1_C06,,,,,not collected,,no,,,,,NOAA FISHERIES,SRA1139318,,public,2A938A3101E8A363CD65E49D4727D353,59E0C25D1A9F670E1004701223BD03DE
SRR12798370,2020-11-16 21:51:20,2020-10-08 16:39:05,14675676,4432054152,14675676,302,1803,,https://sra-download.ncbi.nlm.nih.gov/traces/sra57/SRR/012498/SRR12798370,SRX9267312,T145145,WGS,RANDOM,GENOMIC,PAIRED,0,0,ILLUMINA,Illumina HiSeq 4000,SRP286801,PRJNA667732,3,667732,SRS7496792,SAMN16380902,simple,74940,Oncorhynchus tshawytscha,DPCh_plate1_C08,,,,,not collected,,no,,,,,NOAA FISHERIES,SRA1139318,,public,FF1F4B698B4EF67C9F19BAFB2EA4799C,F9BDADEAEEC17ED20A75414FCA266A2E
SRR12798297,2020-11-16 21:51:21,2020-10-08 16:29:39,15778001,4764956302,15778001,302,2016,,https://sra-download.ncbi.nlm.nih.gov/traces/sra29/SRR/012498/SRR12798297,SRX9267385,T144961,WGS,RANDOM,GENOMIC,PAIRED,0,0,ILLUMINA,Illumina HiSeq 4000,SRP286801,PRJNA667732,3,667732,SRS7496866,SAMN16380910,simple,74940,Oncorhynchus tshawytscha,DPCh_plate1_C09,,,,,not collected,,no,,,,,NOAA FISHERIES,SRA1139318,,public,17EE786014D83FE534DDB5D9FEB468D1,2024295DC4CA1A55DFAE6B8A6B65C3F0
SRR12798288,2020-11-16 21:51:21,2020-10-08 16:32:51,19985242,6035543084,19985242,302,2508,,https://sra-download.ncbi.nlm.nih.gov/traces/sra38/SRR/012498/SRR12798288,SRX9267394,T144989,WGS,RANDOM,GENOMIC,PAIRED,0,0,ILLUMINA,Illumina HiSeq 4000,SRP286801,PRJNA667732,3,667732,SRS7496874,SAMN16380918,simple,74940,Oncorhynchus tshawytscha,DPCh_plate1_C10,,,,,not collected,,no,,,,,NOAA FISHERIES,SRA1139318,,public,D94D118BEDF036D1506155756948A725,571BF10B55384D5A9F75F14DBF3A7A09
SRR12798279,2020-11-16 21:51:21,2020-10-08 16:36:19,14187427,4284602954,14187427,302,1823,,https://sra-download.ncbi.nlm.nih.gov/traces/sra18/SRR/012498/SRR12798279,SRX9267403,T145153,WGS,RANDOM,GENOMIC,PAIRED,0,0,ILLUMINA,Illumina HiSeq 4000,SRP286801,PRJNA667732,3,667732,SRS7496884,SAMN16380926,simple,74940,Oncorhynchus tshawytscha,DPCh_plate1_C11,,,,,not collected,,no,,,,,NOAA FISHERIES,SRA1139318,,public,15592F2536A0C0A56C1CBE9047D3994F,D3F2C99B4B3CC8607D15006BC24DAFAE
SRR12798358,2020-11-16 21:51:20,2020-10-08 16:39:33,14428264,4357335728,14428264,302,1868,,https://sra-download.ncbi.nlm.nih.gov/traces/sra73/SRR/012498/SRR12798358,SRX9267324,T145200,WGS,RANDOM,GENOMIC,PAIRED,0,0,ILLUMINA,Illumina HiSeq 4000,SRP286801,PRJNA667732,3,667732,SRS7496804,SAMN16380934,simple,74940,Oncorhynchus tshawytscha,DPCh_plate1_C12,,,,,not collected,,no,,,,,NOAA FISHERIES,SRA1139318,,public,EF5A9126F1ADE3D1A02A118347107C1D,76FC2CBE1301709CC35EE716C9612EB6
SRR12798313,2020-11-16 21:51:21,2020-10-08 16:29:38,11621194,3509600588,11621194,302,1423,,https://sra-download.ncbi.nlm.nih.gov/traces/sra68/SRR/012498/SRR12798313,SRX9267369,T144777,WGS,RANDOM,GENOMIC,PAIRED,0,0,ILLUMINA,Illumina HiSeq 4000,SRP286801,PRJNA667732,3,667732,SRS7496850,SAMN16380847,simple,74940,Oncorhynchus tshawytscha,DPCh_plate1_D01,,,,,not collected,,no,,,,,NOAA FISHERIES,SRA1139318,,public,B8C6D7EF1AA5FF94F10A6DF34A4348C0,9CF401D9036CE3E2E7FA8C7D97423F08
SRR12798316,2020-11-16 21:51:20,2020-10-08 16:30:58,13233203,3996427306,13233203,302,1516,,https://sra-download.ncbi.nlm.nih.gov/traces/sra51/SRR/012498/SRR12798316,SRX9267366,T145121,WGS,RANDOM,GENOMIC,PAIRED,0,0,ILLUMINA,Illumina HiSeq 4000,SRP286801,PRJNA667732,3,667732,SRS7496845,SAMN16380871,simple,74940,Oncorhynchus tshawytscha,DPCh_plate1_D04,,,,,not collected,,no,,,,,NOAA FISHERIES,SRA1139318,,public,C19EC9E5A7CE983223FDE297AFEBFD4C,244C0040012643496E35566CA9988D06
SRR12798307,2020-11-16 21:51:21,2020-10-08 16:33:09,15034128,4540306656,15034128,302,1906,,https://sra-download.ncbi.nlm.nih.gov/traces/sra70/SRR/012498/SRR12798307,SRX9267375,T144879,WGS,RANDOM,GENOMIC,PAIRED,0,0,ILLUMINA,Illumina HiSeq 4000,SRP286801,PRJNA667732,3,667732,SRS7496855,SAMN16380879,simple,74940,Oncorhynchus tshawytscha,DPCh_plate1_D05,,,,,not collected,,no,,,,,NOAA FISHERIES,SRA1139318,,public,B135BC71666DBEEF53ADEA9307AA6147,FF0500CE414C675187DFD98C0AEB9C5B
SRR12798298,2020-11-16 21:51:21,2020-10-08 16:29:46,12322577,3721418254,12322577,302,1505,,https://sra-download.ncbi.nlm.nih.gov/traces/sra39/SRR/012498/SRR12798298,SRX9267384,T144924,WGS,RANDOM,GENOMIC,PAIRED,0,0,ILLUMINA,Illumina HiSeq 4000,SRP286801,PRJNA667732,3,667732,SRS7496863,SAMN16380887,simple,74940,Oncorhynchus tshawytscha,DPCh_plate1_D06,,,,,not collected,,no,,,,,NOAA FISHERIES,SRA1139318,,public,FDA9A42339AB2B922D40BB3E100714DD,029D276978BB6F781D4187B3AFED1332
SRR12798369,2020-11-16 21:51:20,2020-10-08 16:32:28,16273671,4914648642,16273671,302,2022,,https://sra-download.ncbi.nlm.nih.gov/traces/sra4/SRR/012498/SRR12798369,SRX9267313,T145146,WGS,RANDOM,GENOMIC,PAIRED,0,0,ILLUMINA,Illumina HiSeq 4000,SRP286801,PRJNA667732,3,667732,SRS7496793,SAMN16380903,simple,74940,Oncorhynchus tshawytscha,DPCh_plate1_D08,,,,,not collected,,no,,,,,NOAA FISHERIES,SRA1139318,,public,B2FF6895A6E0EBD80DED5610C4D0C717,C3C5B768BC0BC319C9BE305B00A7678C
SRR12798296,2020-11-16 21:51:21,2020-10-08 16:28:47,16510377,4986133854,16510377,302,2127,,https://sra-download.ncbi.nlm.nih.gov/traces/sra58/SRR/012498/SRR12798296,SRX9267386,T144967,WGS,RANDOM,GENOMIC,PAIRED,0,0,ILLUMINA,Illumina HiSeq 4000,SRP286801,PRJNA667732,3,667732,SRS7496865,SAMN16380911,simple,74940,Oncorhynchus tshawytscha,DPCh_plate1_D09,,,,,not collected,,no,,,,,NOAA FISHERIES,SRA1139318,,public,26910CF09B155347C1B2DA08B18C4F3B,9E7A0EAAE96F8CB5C50F03C03E1D5D63
SRR12798287,2020-11-16 21:51:21,2020-10-08 16:27:34,12382659,3739563018,12382659,302,1547,,https://sra-download.ncbi.nlm.nih.gov/traces/sra65/SRR/012498/SRR12798287,SRX9267395,T144990,WGS,RANDOM,GENOMIC,PAIRED,0,0,ILLUMINA,Illumina HiSeq 4000,SRP286801,PRJNA667732,3,667732,SRS7496876,SAMN16380919,simple,74940,Oncorhynchus tshawytscha,DPCh_plate1_D10,,,,,not collected,,no,,,,,NOAA FISHERIES,SRA1139318,,public,D7AD1DB05EF4EFEC04349D8E2777E5A1,869B650893697A61485A0C35FE144637
SRR12798278,2020-11-16 21:51:21,2020-10-08 16:35:24,18195068,5494910536,18195068,302,2333,,https://sra-download.ncbi.nlm.nih.gov/traces/sra16/SRR/012498/SRR12798278,SRX9267404,T145163,WGS,RANDOM,GENOMIC,PAIRED,0,0,ILLUMINA,Illumina HiSeq 4000,SRP286801,PRJNA667732,3,667732,SRS7496883,SAMN16380927,simple,74940,Oncorhynchus tshawytscha,DPCh_plate1_D11,,,,,not collected,,no,,,,,NOAA FISHERIES,SRA1139318,,public,22D4A4B4D880829119163A9C89907918,CD986617EF06E1A61B38DDA90DBD7EEC
SRR12798357,2020-11-16 21:51:20,2020-10-08 16:39:52,16291772,4920115144,16291772,302,2058,,https://sra-download.ncbi.nlm.nih.gov/traces/sra11/SRR/012498/SRR12798357,SRX9267325,T145214,WGS,RANDOM,GENOMIC,PAIRED,0,0,ILLUMINA,Illumina HiSeq 4000,SRP286801,PRJNA667732,3,667732,SRS7496805,SAMN16380935,simple,74940,Oncorhynchus tshawytscha,DPCh_plate1_D12,,,,,not collected,,no,,,,,NOAA FISHERIES,SRA1139318,,public,40F7AFED0FA1DF43C35C906BD247E3A7,FE33A5C615EF52A9C7B9E3B5E59451DE
SRR12798302,2020-11-16 21:51:21,2020-10-08 16:28:05,11812408,3567347216,11812408,302,1386,,https://sra-download.ncbi.nlm.nih.gov/traces/sra12/SRR/012498/SRR12798302,SRX9267380,T144778,WGS,RANDOM,GENOMIC,PAIRED,0,0,ILLUMINA,Illumina HiSeq 4000,SRP286801,PRJNA667732,3,667732,SRS7496860,SAMN16380848,simple,74940,Oncorhynchus tshawytscha,DPCh_plate1_E01,,,,,not collected,,no,,,,,NOAA FISHERIES,SRA1139318,,public,2CC0A1763A2867E7C574B72291BD8487,C1D9D714B693EC38D31A7D336831AEA4
SRR12798315,2020-11-16 21:51:21,2020-10-08 16:26:20,12696772,3834425144,12696772,302,1449,,https://sra-download.ncbi.nlm.nih.gov/traces/sra37/SRR/012498/SRR12798315,SRX9267367,T145123,WGS,RANDOM,GENOMIC,PAIRED,0,0,ILLUMINA,Illumina HiSeq 4000,SRP286801,PRJNA667732,3,667732,SRS7496847,SAMN16380872,simple,74940,Oncorhynchus tshawytscha,DPCh_plate1_E04,,,,,not collected,,no,,,,,NOAA FISHERIES,SRA1139318,,public,DCCFBCD2CD48403D2ADD80526485F23E,F999D147331D123BDB3E8AA1D7C467F6
SRR12798306,2020-11-16 21:51:21,2020-10-08 16:27:23,9273884,2800712968,9273884,302,1145,,https://sra-download.ncbi.nlm.nih.gov/traces/sra11/SRR/012498/SRR12798306,SRX9267376,T144893,WGS,RANDOM,GENOMIC,PAIRED,0,0,ILLUMINA,Illumina HiSeq 4000,SRP286801,PRJNA667732,3,667732,SRS7496856,SAMN16380880,simple,74940,Oncorhynchus tshawytscha,DPCh_plate1_E05,,,,,not collected,,no,,,,,NOAA FISHERIES,SRA1139318,,public,B3E227B122203A67654C847F392D2442,D2D54D1458937BF1D9C8FFED49BBA940
SRR12798367,2020-11-16 21:51:20,2020-10-08 16:24:38,5076713,1533167326,5076713,302,650,,https://sra-download.ncbi.nlm.nih.gov/traces/sra70/SRR/012498/SRR12798367,SRX9267315,T145147,WGS,RANDOM,GENOMIC,PAIRED,0,0,ILLUMINA,Illumina HiSeq 4000,SRP286801,PRJNA667732,3,667732,SRS7496795,SAMN16380904,simple,74940,Oncorhynchus tshawytscha,DPCh_plate1_E08,,,,,not collected,,no,,,,,NOAA FISHERIES,SRA1139318,,public,912A559D2B1EE88EC65F6DB7C5CC8CD1,25C8168F8FBCD381804AF6CEF74D12B8
SRR12798295,2020-11-16 21:51:21,2020-10-08 16:34:35,17202494,5195153188,17202494,302,2151,,https://sra-download.ncbi.nlm.nih.gov/traces/sra68/SRR/012498/SRR12798295,SRX9267387,T144968,WGS,RANDOM,GENOMIC,PAIRED,0,0,ILLUMINA,Illumina HiSeq 4000,SRP286801,PRJNA667732,3,667732,SRS7496867,SAMN16380912,simple,74940,Oncorhynchus tshawytscha,DPCh_plate1_E09,,,,,not collected,,no,,,,,NOAA FISHERIES,SRA1139318,,public,8C24F6382A7F1204CFC1A2F95F989990,0B03AFB38CDCD5FAFAEA4893A3C2A86C
SRR12798286,2020-11-16 21:51:21,2020-10-08 16:39:37,14332621,4328451542,14332621,302,1795,,https://sra-download.ncbi.nlm.nih.gov/traces/sra60/SRR/012498/SRR12798286,SRX9267396,T144991,WGS,RANDOM,GENOMIC,PAIRED,0,0,ILLUMINA,Illumina HiSeq 4000,SRP286801,PRJNA667732,3,667732,SRS7496875,SAMN16380920,simple,74940,Oncorhynchus tshawytscha,DPCh_plate1_E10,,,,,not collected,,no,,,,,NOAA FISHERIES,SRA1139318,,public,4E6312549113FDD0FD634C2962E54407,6DE29CD1DBF6F7A850339EA3B9D7DEA2
SRR12798277,2020-11-16 21:51:21,2020-10-08 16:36:39,19196226,5797260252,19196226,302,2477,,https://sra-download.ncbi.nlm.nih.gov/traces/sra58/SRR/012498/SRR12798277,SRX9267405,T145167,WGS,RANDOM,GENOMIC,PAIRED,0,0,ILLUMINA,Illumina HiSeq 4000,SRP286801,PRJNA667732,3,667732,SRS7496885,SAMN16380928,simple,74940,Oncorhynchus tshawytscha,DPCh_plate1_E11,,,,,not collected,,no,,,,,NOAA FISHERIES,SRA1139318,,public,C1EEF31447C18BD862718979365437B8,64E2705AC17EBB6976EC22DE979DEE2E
SRR12798356,2020-11-16 21:51:20,2020-10-08 16:37:32,20171814,6091887828,20171814,302,2597,,https://sra-download.ncbi.nlm.nih.gov/traces/sra64/SRR/012498/SRR12798356,SRX9267326,T145218,WGS,RANDOM,GENOMIC,PAIRED,0,0,ILLUMINA,Illumina HiSeq 4000,SRP286801,PRJNA667732,3,667732,SRS7496806,SAMN16380936,simple,74940,Oncorhynchus tshawytscha,DPCh_plate1_E12,,,,,not collected,,no,,,,,NOAA FISHERIES,SRA1139318,,public,975A4787613867ACF8CB697BCC8ADF1E,8D748A0A4D2A33B981C01BC9078E80C0
SRR12798337,2020-11-16 21:51:20,2020-10-08 16:36:38,12499006,3774699812,12499006,302,1518,,https://sra-download.ncbi.nlm.nih.gov/traces/sra58/SRR/012498/SRR12798337,SRX9267345,T144844,WGS,RANDOM,GENOMIC,PAIRED,0,0,ILLUMINA,Illumina HiSeq 4000,SRP286801,PRJNA667732,3,667732,SRS7496825,SAMN16380857,simple,74940,Oncorhynchus tshawytscha,DPCh_plate1_F02,,,,,not collected,,no,,,,,NOAA FISHERIES,SRA1139318,,public,6E4064AB87E385C05539164006900268,5E571A2A2213E1FA9C9277B9E6EBBFC7
SRR12798314,2020-11-16 21:51:21,2020-10-08 16:27:52,12915828,3900580056,12915828,302,1495,,https://sra-download.ncbi.nlm.nih.gov/traces/sra70/SRR/012498/SRR12798314,SRX9267368,T145124,WGS,RANDOM,GENOMIC,PAIRED,0,0,ILLUMINA,Illumina HiSeq 4000,SRP286801,PRJNA667732,3,667732,SRS7496848,SAMN16380873,simple,74940,Oncorhynchus tshawytscha,DPCh_plate1_F04,,,,,not collected,,no,,,,,NOAA FISHERIES,SRA1139318,,public,DB4F031180D30C3E062D14EA4FD6F2F1,4EFC3DD02FCD0ADDD91ECFB552CCCC08
SRR12798305,2020-11-16 21:51:21,2020-10-08 16:36:42,14076261,4251030822,14076261,302,1767,,https://sra-download.ncbi.nlm.nih.gov/traces/sra2/SRR/012498/SRR12798305,SRX9267377,T144896,WGS,RANDOM,GENOMIC,PAIRED,0,0,ILLUMINA,Illumina HiSeq 4000,SRP286801,PRJNA667732,3,667732,SRS7496857,SAMN16380881,simple,74940,Oncorhynchus tshawytscha,DPCh_plate1_F05,,,,,not collected,,no,,,,,NOAA FISHERIES,SRA1139318,,public,330FE4D5D68075A452A1BE6AFAAA79CF,34612735433D966A9220BC297C1C0FBE
SRR12798366,2020-11-16 21:51:20,2020-10-08 16:30:42,13171919,3977919538,13171919,302,1611,,https://sra-download.ncbi.nlm.nih.gov/traces/sra50/SRR/012498/SRR12798366,SRX9267316,T145148,WGS,RANDOM,GENOMIC,PAIRED,0,0,ILLUMINA,Illumina HiSeq 4000,SRP286801,PRJNA667732,3,667732,SRS7496796,SAMN16380905,simple,74940,Oncorhynchus tshawytscha,DPCh_plate1_F08,,,,,not collected,,no,,,,,NOAA FISHERIES,SRA1139318,,public,74079D12CB67F738CA008C38509AC05A,07658A3718BA89A746AE3C03D72DA13B
SRR12798294,2020-11-16 21:51:21,2020-10-08 16:30:45,14393402,4346807404,14393402,302,1816,,https://sra-download.ncbi.nlm.nih.gov/traces/sra45/SRR/012498/SRR12798294,SRX9267388,T144969,WGS,RANDOM,GENOMIC,PAIRED,0,0,ILLUMINA,Illumina HiSeq 4000,SRP286801,PRJNA667732,3,667732,SRS7496868,SAMN16380913,simple,74940,Oncorhynchus tshawytscha,DPCh_plate1_F09,,,,,not collected,,no,,,,,NOAA FISHERIES,SRA1139318,,public,CF12C423002CBA89654D12386A1EE675,9CCAB11C14240340C6D41733F6ADA0CD
SRR12798285,2020-11-16 21:51:21,2020-10-08 16:31:35,16269723,4913456346,16269723,302,1995,,https://sra-download.ncbi.nlm.nih.gov/traces/sra65/SRR/012498/SRR12798285,SRX9267397,T144996,WGS,RANDOM,GENOMIC,PAIRED,0,0,ILLUMINA,Illumina HiSeq 4000,SRP286801,PRJNA667732,3,667732,SRS7496877,SAMN16380921,simple,74940,Oncorhynchus tshawytscha,DPCh_plate1_F10,,,,,not collected,,no,,,,,NOAA FISHERIES,SRA1139318,,public,D15B1373336D62B5DF40EFFCA3D3B235,E7FE690099C1A31EBB8C9A1AE6640BFA
SRR12798276,2020-11-16 21:51:21,2020-10-08 16:34:02,18348985,5541393470,18348985,302,2331,,https://sra-download.ncbi.nlm.nih.gov/traces/sra75/SRR/012498/SRR12798276,SRX9267406,T145171,WGS,RANDOM,GENOMIC,PAIRED,0,0,ILLUMINA,Illumina HiSeq 4000,SRP286801,PRJNA667732,3,667732,SRS7496886,SAMN16380929,simple,74940,Oncorhynchus tshawytscha,DPCh_plate1_F11,,,,,not collected,,no,,,,,NOAA FISHERIES,SRA1139318,,public,C5963AB3EBAAA72BDDFE81A975849332,2BDB8B2F49C25386B95179723AB96DCB
SRR12798355,2020-11-16 21:51:20,2020-10-08 16:37:47,19432045,5868477590,19432045,302,2576,,https://sra-download.ncbi.nlm.nih.gov/traces/sra18/SRR/012498/SRR12798355,SRX9267327,T145241,WGS,RANDOM,GENOMIC,PAIRED,0,0,ILLUMINA,Illumina HiSeq 4000,SRP286801,PRJNA667732,3,667732,SRS7496807,SAMN16380937,simple,74940,Oncorhynchus tshawytscha,DPCh_plate1_F12,,,,,not collected,,no,,,,,NOAA FISHERIES,SRA1139318,,public,8D924988BF2635A8F75D8BAFEDB00EF3,C7B7FC6D0861F118BBD8A2C3224008DC
SRR12798368,2020-11-16 21:51:20,2020-10-08 16:29:32,12505663,3776710226,12505663,302,1543,,https://sra-download.ncbi.nlm.nih.gov/traces/sra15/SRR/012498/SRR12798368,SRX9267314,T144790,WGS,RANDOM,GENOMIC,PAIRED,0,0,ILLUMINA,Illumina HiSeq 4000,SRP286801,PRJNA667732,3,667732,SRS7496794,SAMN16380850,simple,74940,Oncorhynchus tshawytscha,DPCh_plate1_G01,,,,,not collected,,no,,,,,NOAA FISHERIES,SRA1139318,,public,30A2D7189C608A8C73AD2B1E06EBF4DF,D81FB2FEF3BF74E09CC4A48B6BD9D5D7
SRR12798326,2020-11-16 21:51:20,2020-10-08 16:33:10,17809299,5378408298,17809299,302,2224,,https://sra-download.ncbi.nlm.nih.gov/traces/sra75/SRR/012498/SRR12798326,SRX9267356,T144847,WGS,RANDOM,GENOMIC,PAIRED,0,0,ILLUMINA,Illumina HiSeq 4000,SRP286801,PRJNA667732,3,667732,SRS7496836,SAMN16380858,simple,74940,Oncorhynchus tshawytscha,DPCh_plate1_G02,,,,,not collected,,no,,,,,NOAA FISHERIES,SRA1139318,,public,0284CC050FC05E8FC2B857774D98B3EF,9D3D3002DD8005BE23B729D68B4FDA98
SRR12798321,2020-11-16 21:51:20,2020-10-08 16:32:48,18038084,5447501368,18038084,302,2296,,https://sra-download.ncbi.nlm.nih.gov/traces/sra60/SRR/012498/SRR12798321,SRX9267361,T145116,WGS,RANDOM,GENOMIC,PAIRED,0,0,ILLUMINA,Illumina HiSeq 4000,SRP286801,PRJNA667732,3,667732,SRS7496841,SAMN16380866,simple,74940,Oncorhynchus tshawytscha,DPCh_plate1_G03,,,,,not collected,,no,,,,,NOAA FISHERIES,SRA1139318,,public,5375830B44C0D98DA712E0B40310770B,E6CABF9D0D655660BE32A84FE52B5B36
SRR12798312,2020-11-16 21:51:21,2020-10-08 16:36:45,13340809,4028924318,13340809,302,1463,,https://sra-download.ncbi.nlm.nih.gov/traces/sra63/SRR/012498/SRR12798312,SRX9267370,T145125,WGS,RANDOM,GENOMIC,PAIRED,0,0,ILLUMINA,Illumina HiSeq 4000,SRP286801,PRJNA667732,3,667732,SRS7496849,SAMN16380874,simple,74940,Oncorhynchus tshawytscha,DPCh_plate1_G04,,,,,not collected,,no,,,,,NOAA FISHERIES,SRA1139318,,public,6D3869AF39B27CC5F11411B531E490EC,132FAF2E8A17169F0C383B00EFFB9D71
SRR12798304,2020-11-16 21:51:21,2020-10-08 16:38:37,22915101,6920360502,22915101,302,2911,,https://sra-download.ncbi.nlm.nih.gov/traces/sra18/SRR/012498/SRR12798304,SRX9267378,T144897,WGS,RANDOM,GENOMIC,PAIRED,0,0,ILLUMINA,Illumina HiSeq 4000,SRP286801,PRJNA667732,3,667732,SRS7496858,SAMN16380882,simple,74940,Oncorhynchus tshawytscha,DPCh_plate1_G05,,,,,not collected,,no,,,,,NOAA FISHERIES,SRA1139318,,public,21255E2D7B3FEFDD9A4AC23DD1E411E4,C2AAFFE2D3E31BB4F89DB07835EDE065
SRR12798365,2020-11-16 21:51:20,2020-10-08 16:30:53,14552469,4394845638,14552469,302,1785,,https://sra-download.ncbi.nlm.nih.gov/traces/sra68/SRR/012498/SRR12798365,SRX9267317,T145149,WGS,RANDOM,GENOMIC,PAIRED,0,0,ILLUMINA,Illumina HiSeq 4000,SRP286801,PRJNA667732,3,667732,SRS7496797,SAMN16380906,simple,74940,Oncorhynchus tshawytscha,DPCh_plate1_G08,,,,,not collected,,no,,,,,NOAA FISHERIES,SRA1139318,,public,07031948525D8DD8905508A34531F8DD,2DC1E3FA22B9B6629A174A3961C7F614
SRR12798292,2020-11-16 21:51:21,2020-10-08 16:47:10,31365698,9472440796,31365698,302,3898,,https://sra-download.ncbi.nlm.nih.gov/traces/sra56/SRR/012498/SRR12798292,SRX9267390,T144974,WGS,RANDOM,GENOMIC,PAIRED,0,0,ILLUMINA,Illumina HiSeq 4000,SRP286801,PRJNA667732,3,667732,SRS7496870,SAMN16380914,simple,74940,Oncorhynchus tshawytscha,DPCh_plate1_G09,,,,,not collected,,no,,,,,NOAA FISHERIES,SRA1139318,,public,39A9B6380DCCB975B301E272F05872E5,4365B176B611DC206EC7B424E0FAF5E0
SRR12798284,2020-11-16 21:51:21,2020-10-08 16:50:04,37339878,11276643156,37339878,302,4639,,https://sra-download.ncbi.nlm.nih.gov/traces/sra47/SRR/012498/SRR12798284,SRX9267398,T144997,WGS,RANDOM,GENOMIC,PAIRED,0,0,ILLUMINA,Illumina HiSeq 4000,SRP286801,PRJNA667732,3,667732,SRS7496878,SAMN16380922,simple,74940,Oncorhynchus tshawytscha,DPCh_plate1_G10,,,,,not collected,,no,,,,,NOAA FISHERIES,SRA1139318,,public,F00836A1DE6CEB23BFD708DB358C2892,BCC20433C3E2D149B02E31A3F21B0F53
SRR12798275,2020-11-16 21:51:21,2020-10-08 16:32:17,18403010,5557709020,18403010,302,2282,,https://sra-download.ncbi.nlm.nih.gov/traces/sra5/SRR/012498/SRR12798275,SRX9267407,T145189,WGS,RANDOM,GENOMIC,PAIRED,0,0,ILLUMINA,Illumina HiSeq 4000,SRP286801,PRJNA667732,3,667732,SRS7496887,SAMN16380930,simple,74940,Oncorhynchus tshawytscha,DPCh_plate1_G11,,,,,not collected,,no,,,,,NOAA FISHERIES,SRA1139318,,public,8EA888EA754A177FA629BAB6EBAE6A16,33181AAED9B6B899A7B679503FD3BA4C
SRR12798354,2020-11-16 21:51:20,2020-10-08 16:38:04,26559833,8021069566,26559833,302,3410,,https://sra-download.ncbi.nlm.nih.gov/traces/sra51/SRR/012498/SRR12798354,SRX9267328,T145242,WGS,RANDOM,GENOMIC,PAIRED,0,0,ILLUMINA,Illumina HiSeq 4000,SRP286801,PRJNA667732,3,667732,SRS7496808,SAMN16380938,simple,74940,Oncorhynchus tshawytscha,DPCh_plate1_G12,,,,,not collected,,no,,,,,NOAA FISHERIES,SRA1139318,,public,A1EFAEF65547E9EB6BEA2AA3DA06F190,487F613A20E48D29F7B49B5C0316FF1F
SRR12798293,2020-11-16 21:51:21,2020-10-08 16:26:52,10788996,3258276792,10788996,302,1340,,https://sra-download.ncbi.nlm.nih.gov/traces/sra65/SRR/012498/SRR12798293,SRX9267389,T144798,WGS,RANDOM,GENOMIC,PAIRED,0,0,ILLUMINA,Illumina HiSeq 4000,SRP286801,PRJNA667732,3,667732,SRS7496869,SAMN16380851,simple,74940,Oncorhynchus tshawytscha,DPCh_plate1_H01,,,,,not collected,,no,,,,,NOAA FISHERIES,SRA1139318,,public,0AE1EA8F702C93BBF218128DD4E16B3E,EB75842830CF7AD375D93F5A67DC59EE
SRR12798320,2020-11-16 21:51:20,2020-10-08 16:30:24,13642897,4120154894,13642897,302,1706,,https://sra-download.ncbi.nlm.nih.gov/traces/sra11/SRR/012498/SRR12798320,SRX9267362,T145117,WGS,RANDOM,GENOMIC,PAIRED,0,0,ILLUMINA,Illumina HiSeq 4000,SRP286801,PRJNA667732,3,667732,SRS7496842,SAMN16380867,simple,74940,Oncorhynchus tshawytscha,DPCh_plate1_H03,,,,,not collected,,no,,,,,NOAA FISHERIES,SRA1139318,,public,3526C7AD99FF8B05A6BC2EDB938FAA92,BE450E55EA82D10F8AEDFE4268727749
SRR12798311,2020-11-16 21:51:21,2020-10-08 16:28:58,13986012,4223775624,13986012,302,1600,,https://sra-download.ncbi.nlm.nih.gov/traces/sra64/SRR/012498/SRR12798311,SRX9267371,T145126,WGS,RANDOM,GENOMIC,PAIRED,0,0,ILLUMINA,Illumina HiSeq 4000,SRP286801,PRJNA667732,3,667732,SRS7496851,SAMN16380875,simple,74940,Oncorhynchus tshawytscha,DPCh_plate1_H04,,,,,not collected,,no,,,,,NOAA FISHERIES,SRA1139318,,public,320E383150F200C2255F70292548265F,9D92E1E5CD5E92A4DF2C84B9A1FD33CD
SRR12798303,2020-11-16 21:51:21,2020-10-08 16:30:35,16390936,4950062672,16390936,302,2136,,https://sra-download.ncbi.nlm.nih.gov/traces/sra60/SRR/012498/SRR12798303,SRX9267379,T144902,WGS,RANDOM,GENOMIC,PAIRED,0,0,ILLUMINA,Illumina HiSeq 4000,SRP286801,PRJNA667732,3,667732,SRS7496859,SAMN16380883,simple,74940,Oncorhynchus tshawytscha,DPCh_plate1_H05,,,,,not collected,,no,,,,,NOAA FISHERIES,SRA1139318,,public,0B8D896B277CFAA4EC0A9E504B979434,C9C6782C95763FF1DC186AD76D253C7A
SRR12798373,2020-11-16 21:51:20,2020-10-08 16:30:52,14468998,4369637396,14468998,302,1817,,https://sra-download.ncbi.nlm.nih.gov/traces/sra67/SRR/012498/SRR12798373,SRX9267309,T145141,WGS,RANDOM,GENOMIC,PAIRED,0,0,ILLUMINA,Illumina HiSeq 4000,SRP286801,PRJNA667732,3,667732,SRS7496789,SAMN16380899,simple,74940,Oncorhynchus tshawytscha,DPCh_plate1_H07,,,,,not collected,,no,,,,,NOAA FISHERIES,SRA1139318,,public,CF3523C94DAD9182524168A0D90D34D7,0667D3447634EDA7CAFD03E2549A4D10
SRR12798364,2020-11-16 21:51:20,2020-10-08 16:36:15,13792629,4165373958,13792629,302,1719,,https://sra-download.ncbi.nlm.nih.gov/traces/sra47/SRR/012498/SRR12798364,SRX9267318,T145150,WGS,RANDOM,GENOMIC,PAIRED,0,0,ILLUMINA,Illumina HiSeq 4000,SRP286801,PRJNA667732,3,667732,SRS7496798,SAMN16380907,simple,74940,Oncorhynchus tshawytscha,DPCh_plate1_H08,,,,,not collected,,no,,,,,NOAA FISHERIES,SRA1139318,,public,B8FC5C279A97E5C1D59D31D9A74207F2,F6F094B49C24BE6A09F01414F1FB06B4
SRR12798291,2020-11-16 21:51:21,2020-10-08 16:30:56,13610236,4110291272,13610236,302,1694,,https://sra-download.ncbi.nlm.nih.gov/traces/sra62/SRR/012498/SRR12798291,SRX9267391,T144979,WGS,RANDOM,GENOMIC,PAIRED,0,0,ILLUMINA,Illumina HiSeq 4000,SRP286801,PRJNA667732,3,667732,SRS7496871,SAMN16380915,simple,74940,Oncorhynchus tshawytscha,DPCh_plate1_H09,,,,,not collected,,no,,,,,NOAA FISHERIES,SRA1139318,,public,F309D4BBC6A95448F6CADE5585E91F48,0751AEE0E7271D23BFCB2697E7E813CB
SRR12798283,2020-11-16 21:51:21,2020-10-08 16:32:56,16822731,5080464762,16822731,302,2070,,https://sra-download.ncbi.nlm.nih.gov/traces/sra60/SRR/012498/SRR12798283,SRX9267399,T145003,WGS,RANDOM,GENOMIC,PAIRED,0,0,ILLUMINA,Illumina HiSeq 4000,SRP286801,PRJNA667732,3,667732,SRS7496879,SAMN16380923,simple,74940,Oncorhynchus tshawytscha,DPCh_plate1_H10,,,,,not collected,,no,,,,,NOAA FISHERIES,SRA1139318,,public,F0BAB0C7FE3CF86F483AEE9907EA9B6E,2AE4AC5F46282E93797134ADD8906B10
SRR12798274,2020-11-16 21:51:21,2020-10-08 16:32:28,14252010,4304107020,14252010,302,1823,,https://sra-download.ncbi.nlm.nih.gov/traces/sra67/SRR/012498/SRR12798274,SRX9267408,T145190,WGS,RANDOM,GENOMIC,PAIRED,0,0,ILLUMINA,Illumina HiSeq 4000,SRP286801,PRJNA667732,3,667732,SRS7496888,SAMN16380931,simple,74940,Oncorhynchus tshawytscha,DPCh_plate1_H11,,,,,not collected,,no,,,,,NOAA FISHERIES,SRA1139318,,public,42A6AE30BCB2AD9130355892FCA62F6E,B7B37AA393842C7E0E68813F8E999B76
SRR12798353,2020-11-16 21:51:20,2020-10-08 16:38:55,19784962,5975058524,19784962,302,2533,,https://sra-download.ncbi.nlm.nih.gov/traces/sra71/SRR/012498/SRR12798353,SRX9267329,T145243,WGS,RANDOM,GENOMIC,PAIRED,0,0,ILLUMINA,Illumina HiSeq 4000,SRP286801,PRJNA667732,3,667732,SRS7496809,SAMN16380939,simple,74940,Oncorhynchus tshawytscha,DPCh_plate1_H12,,,,,not collected,,no,,,,,NOAA FISHERIES,SRA1139318,,public,4C7AA7C2E755860DC54B4DC76126AD57,E27180F7AC784690EC37E973C4C1356F
SRR12798352,2020-11-16 21:51:20,2020-10-08 16:31:32,14683397,4434385894,14683397,302,1878,,https://sra-download.ncbi.nlm.nih.gov/traces/sra79/SRR/012498/SRR12798352,SRX9267330,T145057,WGS,RANDOM,GENOMIC,PAIRED,0,0,ILLUMINA,Illumina HiSeq 4000,SRP286801,PRJNA667732,3,667732,SRS7496810,SAMN16380940,simple,74940,Oncorhynchus tshawytscha,DPCh_plate2_A01,,,,,not collected,,no,,,,,NOAA FISHERIES,SRA1139318,,public,775CD0F47A2991EC3E7532EFD4A1C12E,ABF8A06229696CB64573D6AB97CF74D2
SRR12798339,2020-11-16 21:51:20,2020-10-08 16:27:59,9507880,2871379760,9507880,302,1172,,https://sra-download.ncbi.nlm.nih.gov/traces/sra59/SRR/012498/SRR12798339,SRX9267343,T148319,WGS,RANDOM,GENOMIC,PAIRED,0,0,ILLUMINA,Illumina HiSeq 4000,SRP286801,PRJNA667732,3,667732,SRS7496823,SAMN16380972,simple,74940,Oncorhynchus tshawytscha,DPCh_plate2_A05,,,,,not collected,,no,,,,,NOAA FISHERIES,SRA1139318,,public,DA118D56C8F483BE3F2C0552A785FBB2,1739FF6DD770129750F1B91D8F4B2037
SRR12798330,2020-11-16 21:51:20,2020-10-08 16:30:56,13892801,4195625902,13892801,302,1792,,https://sra-download.ncbi.nlm.nih.gov/traces/sra7/SRR/012498/SRR12798330,SRX9267352,T148342,WGS,RANDOM,GENOMIC,PAIRED,0,0,ILLUMINA,Illumina HiSeq 4000,SRP286801,PRJNA667732,3,667732,SRS7496832,SAMN16380980,simple,74940,Oncorhynchus tshawytscha,DPCh_plate2_A06,,,,,not collected,,no,,,,,NOAA FISHERIES,SRA1139318,,public,0CD08C102A297EB0DB972DD054060867,BFD576C1C51439B08439AE0D52A7AF1E
SRR12798351,2020-11-16 21:51:20,2020-10-08 16:31:33,16846485,5087638470,16846485,302,2171,,https://sra-download.ncbi.nlm.nih.gov/traces/sra75/SRR/012498/SRR12798351,SRX9267331,T145058,WGS,RANDOM,GENOMIC,PAIRED,0,0,ILLUMINA,Illumina HiSeq 4000,SRP286801,PRJNA667732,3,667732,SRS7496811,SAMN16380941,simple,74940,Oncorhynchus tshawytscha,DPCh_plate2_B01,,,,,not collected,,no,,,,,NOAA FISHERIES,SRA1139318,,public,EA40FF963EFD728B7EEA2BAD2111B87F,B678AAF9770CECF1CD7DA34B83269257
SRR12798338,2020-11-16 21:51:20,2020-10-08 16:31:21,17612598,5319004596,17612598,302,2258,,https://sra-download.ncbi.nlm.nih.gov/traces/sra58/SRR/012498/SRR12798338,SRX9267344,T148321,WGS,RANDOM,GENOMIC,PAIRED,0,0,ILLUMINA,Illumina HiSeq 4000,SRP286801,PRJNA667732,3,667732,SRS7496824,SAMN16380973,simple,74940,Oncorhynchus tshawytscha,DPCh_plate2_B05,,,,,not collected,,no,,,,,NOAA FISHERIES,SRA1139318,,public,E2A97605491E173B5DBE8215851A67F1,A4942954CD239FAC7B87DA9B1EE64745
SRR12798329,2020-11-16 21:51:20,2020-10-08 16:32:06,18234726,5506887252,18234726,302,2362,,https://sra-download.ncbi.nlm.nih.gov/traces/sra46/SRR/012498/SRR12798329,SRX9267353,T148345,WGS,RANDOM,GENOMIC,PAIRED,0,0,ILLUMINA,Illumina HiSeq 4000,SRP286801,PRJNA667732,3,667732,SRS7496833,SAMN16380981,simple,74940,Oncorhynchus tshawytscha,DPCh_plate2_B06,,,,,not collected,,no,,,,,NOAA FISHERIES,SRA1139318,,public,EEF7CA78B25733530D3D64F6BAF99C7B,2BA10EFAB09BF4A524FB6AEBFAF02405
SRR12798350,2020-11-16 21:51:20,2020-10-08 16:31:38,13575607,4099833314,13575607,302,1716,,https://sra-download.ncbi.nlm.nih.gov/traces/sra78/SRR/012498/SRR12798350,SRX9267332,T145059,WGS,RANDOM,GENOMIC,PAIRED,0,0,ILLUMINA,Illumina HiSeq 4000,SRP286801,PRJNA667732,3,667732,SRS7496812,SAMN16380942,simple,74940,Oncorhynchus tshawytscha,DPCh_plate2_C01,,,,,not collected,,no,,,,,NOAA FISHERIES,SRA1139318,,public,F091EF9D1DE5DD6A041419DB36FB4F00,83E2ED0881A6386B7BAB5D5495532904
SRR12798345,2020-11-16 21:51:20,2020-10-08 16:26:42,13047203,3940255306,13047203,302,1635,,https://sra-download.ncbi.nlm.nih.gov/traces/sra53/SRR/012498/SRR12798345,SRX9267337,T145100,WGS,RANDOM,GENOMIC,PAIRED,0,0,ILLUMINA,Illumina HiSeq 4000,SRP286801,PRJNA667732,3,667732,SRS7496817,SAMN16380966,simple,74940,Oncorhynchus tshawytscha,DPCh_plate2_C04,,,,,not collected,,no,,,,,NOAA FISHERIES,SRA1139318,,public,B51DF9E49D4EBBBB6FD144355D356BD7,F264DBCAA2611248DA01097A85A6D61D
SRR12798336,2020-11-16 21:51:20,2020-10-08 16:28:20,11235861,3393230022,11235861,302,1446,,https://sra-download.ncbi.nlm.nih.gov/traces/sra21/SRR/012498/SRR12798336,SRX9267346,T148325,WGS,RANDOM,GENOMIC,PAIRED,0,0,ILLUMINA,Illumina HiSeq 4000,SRP286801,PRJNA667732,3,667732,SRS7496826,SAMN16380974,simple,74940,Oncorhynchus tshawytscha,DPCh_plate2_C05,,,,,not collected,,no,,,,,NOAA FISHERIES,SRA1139318,,public,9507FECDEF1F780C57490C5162EDDC61,EC0EC169C02E8ABD429FD1A2C5B94E60
SRR12798328,2020-11-16 21:51:20,2020-10-08 16:36:18,19411849,5862378398,19411849,302,2500,,https://sra-download.ncbi.nlm.nih.gov/traces/sra36/SRR/012498/SRR12798328,SRX9267354,T148346,WGS,RANDOM,GENOMIC,PAIRED,0,0,ILLUMINA,Illumina HiSeq 4000,SRP286801,PRJNA667732,3,667732,SRS7496834,SAMN16380982,simple,74940,Oncorhynchus tshawytscha,DPCh_plate2_C06,,,,,not collected,,no,,,,,NOAA FISHERIES,SRA1139318,,public,8B3F80C89A128CB54CACD696FC6CD55F,91791C060D0B4B52FFC90DB59B3E36DD
SRR12798349,2020-11-16 21:51:20,2020-10-08 16:31:10,15301846,4621157492,15301846,302,1965,,https://sra-download.ncbi.nlm.nih.gov/traces/sra63/SRR/012498/SRR12798349,SRX9267333,T145060,WGS,RANDOM,GENOMIC,PAIRED,0,0,ILLUMINA,Illumina HiSeq 4000,SRP286801,PRJNA667732,3,667732,SRS7496813,SAMN16380943,simple,74940,Oncorhynchus tshawytscha,DPCh_plate2_D01,,,,,not collected,,no,,,,,NOAA FISHERIES,SRA1139318,,public,2079CEF33E37373A6E0DBBDB165981E9,37876BB18BB63E70555EFD8DFC42DEB4
SRR12798344,2020-11-16 21:51:20,2020-10-08 16:29:03,12585128,3800708656,12585128,302,1603,,https://sra-download.ncbi.nlm.nih.gov/traces/sra53/SRR/012498/SRR12798344,SRX9267338,T145101,WGS,RANDOM,GENOMIC,PAIRED,0,0,ILLUMINA,Illumina HiSeq 4000,SRP286801,PRJNA667732,3,667732,SRS7496818,SAMN16380967,simple,74940,Oncorhynchus tshawytscha,DPCh_plate2_D04,,,,,not collected,,no,,,,,NOAA FISHERIES,SRA1139318,,public,10F9443071603B8D5CF494C32752620A,499B08D0F0AE96AB511BF91F42BC1DAF
SRR12798335,2020-11-16 21:51:20,2020-10-08 16:31:06,17889445,5402612390,17889445,302,2299,,https://sra-download.ncbi.nlm.nih.gov/traces/sra59/SRR/012498/SRR12798335,SRX9267347,T148326,WGS,RANDOM,GENOMIC,PAIRED,0,0,ILLUMINA,Illumina HiSeq 4000,SRP286801,PRJNA667732,3,667732,SRS7496827,SAMN16380975,simple,74940,Oncorhynchus tshawytscha,DPCh_plate2_D05,,,,,not collected,,no,,,,,NOAA FISHERIES,SRA1139318,,public,CDC2041D70C96C5EA908694AA67E9A64,545F36A205EC25523AE22D1A181A0996
SRR12798327,2020-11-16 21:51:20,2020-10-08 16:29:59,20079549,6064023798,20079549,302,2587,,https://sra-download.ncbi.nlm.nih.gov/traces/sra20/SRR/012498/SRR12798327,SRX9267355,T148347,WGS,RANDOM,GENOMIC,PAIRED,0,0,ILLUMINA,Illumina HiSeq 4000,SRP286801,PRJNA667732,3,667732,SRS7496835,SAMN16380983,simple,74940,Oncorhynchus tshawytscha,DPCh_plate2_D06,,,,,not collected,,no,,,,,NOAA FISHERIES,SRA1139318,,public,EC482374B8C826C31DCDF790B7E98ECF,DD20E8339A1C3BE1D8350911FD577CE2
SRR12798343,2020-11-16 21:51:20,2020-10-08 16:31:52,16607764,5015544728,16607764,302,2136,,https://sra-download.ncbi.nlm.nih.gov/traces/sra3/SRR/012498/SRR12798343,SRX9267339,T145102,WGS,RANDOM,GENOMIC,PAIRED,0,0,ILLUMINA,Illumina HiSeq 4000,SRP286801,PRJNA667732,3,667732,SRS7496819,SAMN16380968,simple,74940,Oncorhynchus tshawytscha,DPCh_plate2_E04,,,,,not collected,,no,,,,,NOAA FISHERIES,SRA1139318,,public,7690551CEA33B189F8C372D8CE809D77,EC027EE538D5CDC472F54A0DA98A73CC
SRR12798334,2020-11-16 21:51:20,2020-10-08 16:27:41,15099185,4559953870,15099185,302,2033,,https://sra-download.ncbi.nlm.nih.gov/traces/sra50/SRR/012498/SRR12798334,SRX9267348,T148333,WGS,RANDOM,GENOMIC,PAIRED,0,0,ILLUMINA,Illumina HiSeq 4000,SRP286801,PRJNA667732,3,667732,SRS7496828,SAMN16380976,simple,74940,Oncorhynchus tshawytscha,DPCh_plate2_E05,,,,,not collected,,no,,,,,NOAA FISHERIES,SRA1139318,,public,13EDF067772B712851CBCD6FB28385B0,8597BCD8951B18A05EC0D4EB8D076202
SRR12798325,2020-11-16 21:51:20,2020-10-08 16:34:20,20728765,6260087030,20728765,302,2728,,https://sra-download.ncbi.nlm.nih.gov/traces/sra55/SRR/012498/SRR12798325,SRX9267357,T148350,WGS,RANDOM,GENOMIC,PAIRED,0,0,ILLUMINA,Illumina HiSeq 4000,SRP286801,PRJNA667732,3,667732,SRS7496837,SAMN16380984,simple,74940,Oncorhynchus tshawytscha,DPCh_plate2_E06,,,,,not collected,,no,,,,,NOAA FISHERIES,SRA1139318,,public,6FDC05348F56B1CD92C17EE8EEBB1366,5DE51B0147185B0148723F6C1CC3E32F
SRR12798342,2020-11-16 21:51:20,2020-10-08 16:28:19,13530076,4086082952,13530076,302,1746,,https://sra-download.ncbi.nlm.nih.gov/traces/sra18/SRR/012498/SRR12798342,SRX9267340,T145103,WGS,RANDOM,GENOMIC,PAIRED,0,0,ILLUMINA,Illumina HiSeq 4000,SRP286801,PRJNA667732,3,667732,SRS7496820,SAMN16380969,simple,74940,Oncorhynchus tshawytscha,DPCh_plate2_F04,,,,,not collected,,no,,,,,NOAA FISHERIES,SRA1139318,,public,E886EA5623BF78844A628EA9B94779DF,0E4883069FC62F12885E30DA8BE6FCB3
SRR12798333,2020-11-16 21:51:20,2020-10-08 16:42:27,16065251,4851705802,16065251,302,2077,,https://sra-download.ncbi.nlm.nih.gov/traces/sra36/SRR/012498/SRR12798333,SRX9267349,T148335,WGS,RANDOM,GENOMIC,PAIRED,0,0,ILLUMINA,Illumina HiSeq 4000,SRP286801,PRJNA667732,3,667732,SRS7496829,SAMN16380977,simple,74940,Oncorhynchus tshawytscha,DPCh_plate2_F05,,,,,not collected,,no,,,,,NOAA FISHERIES,SRA1139318,,public,70DFFA9ED1DAA263640DF931C0DA2D70,86A7FDFCCB6B88F00A42830E1747D9C6
SRR12798324,2020-11-16 21:51:20,2020-10-08 16:34:57,22691127,6852720354,22691127,302,3003,,https://sra-download.ncbi.nlm.nih.gov/traces/sra9/SRR/012498/SRR12798324,SRX9267358,T148351,WGS,RANDOM,GENOMIC,PAIRED,0,0,ILLUMINA,Illumina HiSeq 4000,SRP286801,PRJNA667732,3,667732,SRS7496838,SAMN16380985,simple,74940,Oncorhynchus tshawytscha,DPCh_plate2_F06,,,,,not collected,,no,,,,,NOAA FISHERIES,SRA1139318,,public,C7E335DA327C39F27840E8473F4E71E7,7BB991C4C4B735B6636103DAA136D332
SRR12798341,2020-11-16 21:51:20,2020-10-08 16:33:11,16865468,5093371336,16865468,302,2163,,https://sra-download.ncbi.nlm.nih.gov/traces/sra16/SRR/012498/SRR12798341,SRX9267341,T145104,WGS,RANDOM,GENOMIC,PAIRED,0,0,ILLUMINA,Illumina HiSeq 4000,SRP286801,PRJNA667732,3,667732,SRS7496821,SAMN16380970,simple,74940,Oncorhynchus tshawytscha,DPCh_plate2_G04,,,,,not collected,,no,,,,,NOAA FISHERIES,SRA1139318,,public,157BEB6E1567BEE4F6402FF9034CA2FA,08ECFC3F17ECA1C41DBE166E072ACE17
SRR12798332,2020-11-16 21:51:20,2020-10-08 16:30:42,16084175,4857420850,16084175,302,2074,,https://sra-download.ncbi.nlm.nih.gov/traces/sra52/SRR/012498/SRR12798332,SRX9267350,T148337,WGS,RANDOM,GENOMIC,PAIRED,0,0,ILLUMINA,Illumina HiSeq 4000,SRP286801,PRJNA667732,3,667732,SRS7496830,SAMN16380978,simple,74940,Oncorhynchus tshawytscha,DPCh_plate2_G05,,,,,not collected,,no,,,,,NOAA FISHERIES,SRA1139318,,public,992DE0263FF691E96F3C2FDD06DF99E7,ED2A052F9CED9EE184D7F23703EE0DA8
SRR12798323,2020-11-16 21:51:20,2020-10-08 16:26:40,8668598,2617916596,8668598,302,1120,,https://sra-download.ncbi.nlm.nih.gov/traces/sra8/SRR/012498/SRR12798323,SRX9267359,T148352,WGS,RANDOM,GENOMIC,PAIRED,0,0,ILLUMINA,Illumina HiSeq 4000,SRP286801,PRJNA667732,3,667732,SRS7496839,SAMN16380986,simple,74940,Oncorhynchus tshawytscha,DPCh_plate2_G06,,,,,not collected,,no,,,,,NOAA FISHERIES,SRA1139318,,public,8BF81933758CB135EF19A0EFC40033C9,A07EEE446E9044C5EE7038ADF62D8A7C
SRR12798340,2020-11-16 21:51:20,2020-10-08 16:35:10,17622093,5321872086,17622093,302,2280,,https://sra-download.ncbi.nlm.nih.gov/traces/sra36/SRR/012498/SRR12798340,SRX9267342,T145105,WGS,RANDOM,GENOMIC,PAIRED,0,0,ILLUMINA,Illumina HiSeq 4000,SRP286801,PRJNA667732,3,667732,SRS7496822,SAMN16380971,simple,74940,Oncorhynchus tshawytscha,DPCh_plate2_H04,,,,,not collected,,no,,,,,NOAA FISHERIES,SRA1139318,,public,F6E7AB45B6F36EF903CE5C3AFF0FDC83,A572CEAAFAA081D2BEF82AB308693B93
SRR12798331,2020-11-16 21:51:20,2020-10-08 16:33:35,21181374,6396774948,21181374,302,2739,,https://sra-download.ncbi.nlm.nih.gov/traces/sra19/SRR/012498/SRR12798331,SRX9267351,T148340,WGS,RANDOM,GENOMIC,PAIRED,0,0,ILLUMINA,Illumina HiSeq 4000,SRP286801,PRJNA667732,3,667732,SRS7496831,SAMN16380979,simple,74940,Oncorhynchus tshawytscha,DPCh_plate2_H05,,,,,not collected,,no,,,,,NOAA FISHERIES,SRA1139318,,public,021FD908483BB25CB1BD6DBD90E79370,9160A31029B85FCD2825C9B4F43C10FA
SRR12798322,2020-11-16 21:51:20,2020-10-08 16:37:14,25608796,7733856392,25608796,302,3294,,https://sra-download.ncbi.nlm.nih.gov/traces/sra55/SRR/012498/SRR12798322,SRX9267360,T148353,WGS,RANDOM,GENOMIC,PAIRED,0,0,ILLUMINA,Illumina HiSeq 4000,SRP286801,PRJNA667732,3,667732,SRS7496840,SAMN16380987,simple,74940,Oncorhynchus tshawytscha,DPCh_plate2_H06,,,,,not collected,,no,,,,,NOAA FISHERIES,SRA1139318,,public,0482956A370483515BDCEDF4E124E467,BAA16884CC62F4738ACDF0154E9399D7
SRR12798392,2020-11-16 21:51:20,2020-10-08 16:29:12,11509866,3475979532,11509866,302,1362,,https://sra-download.ncbi.nlm.nih.gov/traces/sra5/SRR/012498/SRR12798392,SRX9267290,T145109,WGS,RANDOM,GENOMIC,PAIRED,0,0,ILLUMINA,Illumina HiSeq 4000,SRP286801,PRJNA667732,3,667732,SRS7496770,SAMN16380860,simple,74940,Oncorhynchus tshawytscha,DPCh_plate1_A03,,,,,not collected,,no,,,,,NOAA FISHERIES,SRA1139318,,public,B457F0CDAC4392231147CEEBA13302C1,5359E336BC36356A3A3715A0FDF5117E
SRR12798381,2020-11-16 21:51:20,2020-10-08 16:40:37,13749187,4152254474,13749187,302,1751,,https://sra-download.ncbi.nlm.nih.gov/traces/sra27/SRR/012498/SRR12798381,SRX9267301,T145128,WGS,RANDOM,GENOMIC,PAIRED,0,0,ILLUMINA,Illumina HiSeq 4000,SRP286801,PRJNA667732,3,667732,SRS7496781,SAMN16380892,simple,74940,Oncorhynchus tshawytscha,DPCh_plate1_A07,,,,,not collected,,no,,,,,NOAA FISHERIES,SRA1139318,,public,7804A7D82E865E73EB96C96FD9C6EC18,7C12B9CE93E93AC926A19350DCABC049
SRR12798391,2020-11-16 21:51:20,2020-10-08 16:40:04,18005961,5437800222,18005961,302,2197,,https://sra-download.ncbi.nlm.nih.gov/traces/sra52/SRR/012498/SRR12798391,SRX9267291,T145111,WGS,RANDOM,GENOMIC,PAIRED,0,0,ILLUMINA,Illumina HiSeq 4000,SRP286801,PRJNA667732,3,667732,SRS7496771,SAMN16380861,simple,74940,Oncorhynchus tshawytscha,DPCh_plate1_B03,,,,,not collected,,no,,,,,NOAA FISHERIES,SRA1139318,,public,CB2A12690781F0C343BD095EFA47C8FC,CE134A4FBE6E64941ECAAB762C714A41
SRR12798380,2020-11-16 21:51:20,2020-10-08 16:33:19,15796082,4770416764,15796082,302,1982,,https://sra-download.ncbi.nlm.nih.gov/traces/sra62/SRR/012498/SRR12798380,SRX9267302,T145130,WGS,RANDOM,GENOMIC,PAIRED,0,0,ILLUMINA,Illumina HiSeq 4000,SRP286801,PRJNA667732,3,667732,SRS7496782,SAMN16380893,simple,74940,Oncorhynchus tshawytscha,DPCh_plate1_B07,,,,,not collected,,no,,,,,NOAA FISHERIES,SRA1139318,,public,AF9720DD89FDA9E3381299D655BBB95F,BEEF1D37A3638C7AE6BA44FD83854331
SRR12798388,2020-11-16 21:51:20,2020-10-08 16:44:14,14765487,4459177074,14765487,302,1786,,https://sra-download.ncbi.nlm.nih.gov/traces/sra23/SRR/012498/SRR12798388,SRX9267294,T144774,WGS,RANDOM,GENOMIC,PAIRED,0,0,ILLUMINA,Illumina HiSeq 4000,SRP286801,PRJNA667732,3,667732,SRS7496774,SAMN16380846,simple,74940,Oncorhynchus tshawytscha,DPCh_plate1_C01,,,,,not collected,,no,,,,,NOAA FISHERIES,SRA1139318,,public,FD94C475B15F6E7051D30A6977C32C3A,9341FF9BCCC4575F82620207C274BF39
SRR12798390,2020-11-16 21:51:20,2020-10-08 16:44:52,15498047,4680410194,15498047,302,1930,,https://sra-download.ncbi.nlm.nih.gov/traces/sra2/SRR/012498/SRR12798390,SRX9267292,T145112,WGS,RANDOM,GENOMIC,PAIRED,0,0,ILLUMINA,Illumina HiSeq 4000,SRP286801,PRJNA667732,3,667732,SRS7496772,SAMN16380862,simple,74940,Oncorhynchus tshawytscha,DPCh_plate1_C03,,,,,not collected,,no,,,,,NOAA FISHERIES,SRA1139318,,public,FEE2FB24A3ED8A271F37E2133C9C6BEF,0B17C2D4ABEEB378626DE830546A0C18
SRR12798378,2020-11-16 21:51:20,2020-10-08 16:25:12,5111007,1543524114,5111007,302,664,,https://sra-download.ncbi.nlm.nih.gov/traces/sra21/SRR/012498/SRR12798378,SRX9267304,T145131,WGS,RANDOM,GENOMIC,PAIRED,0,0,ILLUMINA,Illumina HiSeq 4000,SRP286801,PRJNA667732,3,667732,SRS7496784,SAMN16380894,simple,74940,Oncorhynchus tshawytscha,DPCh_plate1_C07,,,,,not collected,,no,,,,,NOAA FISHERIES,SRA1139318,,public,46025F503FEEC00930107511FCF1FC6D,BA0314335324D06CF031B3C670554776
SRR12798423,2020-11-16 21:51:19,2020-10-08 16:35:28,18196259,5495270218,18196259,302,2200,,https://sra-download.ncbi.nlm.nih.gov/traces/sra55/SRR/012498/SRR12798423,SRX9267259,T144831,WGS,RANDOM,GENOMIC,PAIRED,0,0,ILLUMINA,Illumina HiSeq 4000,SRP286801,PRJNA667732,3,667732,SRS7496739,SAMN16380855,simple,74940,Oncorhynchus tshawytscha,DPCh_plate1_D02,,,,,not collected,,no,,,,,NOAA FISHERIES,SRA1139318,,public,FD9BD74F6A02A7F6147719489A5FD99F,D46D8039A3051E9BE0886F5BE8273D49
SRR12798389,2020-11-16 21:51:20,2020-10-08 16:27:02,10244626,3093877052,10244626,302,1224,,https://sra-download.ncbi.nlm.nih.gov/traces/sra55/SRR/012498/SRR12798389,SRX9267293,T145113,WGS,RANDOM,GENOMIC,PAIRED,0,0,ILLUMINA,Illumina HiSeq 4000,SRP286801,PRJNA667732,3,667732,SRS7496773,SAMN16380863,simple,74940,Oncorhynchus tshawytscha,DPCh_plate1_D03,,,,,not collected,,no,,,,,NOAA FISHERIES,SRA1139318,,public,AF1FD6D9F88BACEB640F52A582804771,5A8AD8352C5F0CC561D6401DB0A2A394
SRR12798377,2020-11-16 21:51:20,2020-10-08 16:31:32,13153198,3972265796,13153198,302,1670,,https://sra-download.ncbi.nlm.nih.gov/traces/sra55/SRR/012498/SRR12798377,SRX9267305,T145133,WGS,RANDOM,GENOMIC,PAIRED,0,0,ILLUMINA,Illumina HiSeq 4000,SRP286801,PRJNA667732,3,667732,SRS7496785,SAMN16380895,simple,74940,Oncorhynchus tshawytscha,DPCh_plate1_D07,,,,,not collected,,no,,,,,NOAA FISHERIES,SRA1139318,,public,6ACC910256E561D188C377AC728A86A7,80B455D65C5E19EDCFC118F3ECE9DE9C
SRR12798412,2020-11-16 21:51:19,2020-10-08 16:35:40,17348612,5239280824,17348612,302,2154,,https://sra-download.ncbi.nlm.nih.gov/traces/sra77/SRR/012498/SRR12798412,SRX9267270,T144841,WGS,RANDOM,GENOMIC,PAIRED,0,0,ILLUMINA,Illumina HiSeq 4000,SRP286801,PRJNA667732,3,667732,SRS7496750,SAMN16380856,simple,74940,Oncorhynchus tshawytscha,DPCh_plate1_E02,,,,,not collected,,no,,,,,NOAA FISHERIES,SRA1139318,,public,4CCC7870AEA295C28778C4079CB8309B,28B0C68B71F4648ABBEF094EED7B3DE5
SRR12798387,2020-11-16 21:51:20,2020-10-08 16:26:35,7597224,2294361648,7597224,302,860,,https://sra-download.ncbi.nlm.nih.gov/traces/sra52/SRR/012498/SRR12798387,SRX9267295,T145114,WGS,RANDOM,GENOMIC,PAIRED,0,0,ILLUMINA,Illumina HiSeq 4000,SRP286801,PRJNA667732,3,667732,SRS7496775,SAMN16380864,simple,74940,Oncorhynchus tshawytscha,DPCh_plate1_E03,,,,,not collected,,no,,,,,NOAA FISHERIES,SRA1139318,,public,C1BF0BF40306D8BD126B5702D595BA22,F287D521E97FEB7A5519343C6365BAEE
SRR12798385,2020-11-16 21:51:20,2020-10-08 16:25:49,6681956,2017950712,6681956,302,848,,https://sra-download.ncbi.nlm.nih.gov/traces/sra65/SRR/012498/SRR12798385,SRX9267297,T144934,WGS,RANDOM,GENOMIC,PAIRED,0,0,ILLUMINA,Illumina HiSeq 4000,SRP286801,PRJNA667732,3,667732,SRS7496777,SAMN16380888,simple,74940,Oncorhynchus tshawytscha,DPCh_plate1_E06,,,,,not collected,,no,,,,,NOAA FISHERIES,SRA1139318,,public,EFFB102CEE9FAA3C75428E159CB3F6E4,6ABF15F08CD5500CEF62DEC4AD8815F7
SRR12798376,2020-11-16 21:51:20,2020-10-08 16:36:50,14820629,4475829958,14820629,302,1942,,https://sra-download.ncbi.nlm.nih.gov/traces/sra54/SRR/012498/SRR12798376,SRX9267306,T145136,WGS,RANDOM,GENOMIC,PAIRED,0,0,ILLUMINA,Illumina HiSeq 4000,SRP286801,PRJNA667732,3,667732,SRS7496786,SAMN16380896,simple,74940,Oncorhynchus tshawytscha,DPCh_plate1_E07,,,,,not collected,,no,,,,,NOAA FISHERIES,SRA1139318,,public,664F252850E219CBCBB841588DB2B2EC,1AD6585516DF7CF6AC5C78BD57F07FFB
SRR12798379,2020-11-16 21:51:20,2020-10-08 16:35:59,14246888,4302560176,14246888,302,1715,,https://sra-download.ncbi.nlm.nih.gov/traces/sra55/SRR/012498/SRR12798379,SRX9267303,T144782,WGS,RANDOM,GENOMIC,PAIRED,0,0,ILLUMINA,Illumina HiSeq 4000,SRP286801,PRJNA667732,3,667732,SRS7496783,SAMN16380849,simple,74940,Oncorhynchus tshawytscha,DPCh_plate1_F01,,,,,not collected,,no,,,,,NOAA FISHERIES,SRA1139318,,public,8C374EAA52A845CB0EE778D45A90A74C,99B32A2B89A9E181CF2B0A44AF1C523B
SRR12798386,2020-11-16 21:51:20,2020-10-08 16:28:30,11785421,3559197142,11785421,302,1362,,https://sra-download.ncbi.nlm.nih.gov/traces/sra14/SRR/012498/SRR12798386,SRX9267296,T145115,WGS,RANDOM,GENOMIC,PAIRED,0,0,ILLUMINA,Illumina HiSeq 4000,SRP286801,PRJNA667732,3,667732,SRS7496776,SAMN16380865,simple,74940,Oncorhynchus tshawytscha,DPCh_plate1_F03,,,,,not collected,,no,,,,,NOAA FISHERIES,SRA1139318,,public,7F4085360C115BCBA68D5D5E549394B0,B194F85F26441EFFD3E6F4C20CA88E50
SRR12798384,2020-11-16 21:51:20,2020-10-08 16:27:47,13385738,4042492876,13385738,302,1689,,https://sra-download.ncbi.nlm.nih.gov/traces/sra26/SRR/012498/SRR12798384,SRX9267298,T144951,WGS,RANDOM,GENOMIC,PAIRED,0,0,ILLUMINA,Illumina HiSeq 4000,SRP286801,PRJNA667732,3,667732,SRS7496778,SAMN16380889,simple,74940,Oncorhynchus tshawytscha,DPCh_plate1_F06,,,,,not collected,,no,,,,,NOAA FISHERIES,SRA1139318,,public,305DB0C507302DBFD3742B2B816EDB64,A8E134478F6F69B021074B5609AAD886
SRR12798375,2020-11-16 21:51:20,2020-10-08 16:43:18,14590429,4406309558,14590429,302,1824,,https://sra-download.ncbi.nlm.nih.gov/traces/sra68/SRR/012498/SRR12798375,SRX9267307,T145139,WGS,RANDOM,GENOMIC,PAIRED,0,0,ILLUMINA,Illumina HiSeq 4000,SRP286801,PRJNA667732,3,667732,SRS7496787,SAMN16380897,simple,74940,Oncorhynchus tshawytscha,DPCh_plate1_F07,,,,,not collected,,no,,,,,NOAA FISHERIES,SRA1139318,,public,A0387D2243134432F1B5C1EAF4BE373D,5C2B5DE26125B2389944668594B46654
SRR12798383,2020-11-16 21:51:20,2020-10-08 16:32:54,12897161,3894942622,12897161,302,1591,,https://sra-download.ncbi.nlm.nih.gov/traces/sra5/SRR/012498/SRR12798383,SRX9267299,T144952,WGS,RANDOM,GENOMIC,PAIRED,0,0,ILLUMINA,Illumina HiSeq 4000,SRP286801,PRJNA667732,3,667732,SRS7496779,SAMN16380890,simple,74940,Oncorhynchus tshawytscha,DPCh_plate1_G06,,,,,not collected,,no,,,,,NOAA FISHERIES,SRA1139318,,public,84067781121E1DDBE9BD24B22C0B4BDE,5BD7FBA66898F49D1A77B348722AD428
SRR12798374,2020-11-16 21:51:20,2020-10-08 16:30:39,13047554,3940361308,13047554,302,1646,,https://sra-download.ncbi.nlm.nih.gov/traces/sra67/SRR/012498/SRR12798374,SRX9267308,T145140,WGS,RANDOM,GENOMIC,PAIRED,0,0,ILLUMINA,Illumina HiSeq 4000,SRP286801,PRJNA667732,3,667732,SRS7496788,SAMN16380898,simple,74940,Oncorhynchus tshawytscha,DPCh_plate1_G07,,,,,not collected,,no,,,,,NOAA FISHERIES,SRA1139318,,public,77FE6123D6E26635E6EACA1F6592A19F,74F371DFBBA086D3197E85BF677C66F0
SRR12798403,2020-11-16 21:51:19,2020-10-08 16:31:42,12244353,3697794606,12244353,302,1452,,https://sra-download.ncbi.nlm.nih.gov/traces/sra8/SRR/012498/SRR12798403,SRX9267279,T144861,WGS,RANDOM,GENOMIC,PAIRED,0,0,ILLUMINA,Illumina HiSeq 4000,SRP286801,PRJNA667732,3,667732,SRS7496759,SAMN16380859,simple,74940,Oncorhynchus tshawytscha,DPCh_plate1_H02,,,,,not collected,,no,,,,,NOAA FISHERIES,SRA1139318,,public,94F2BA6E1CBC8876275D9FAC1BA15A50,980988BF7446488EE956384F36B782D0
SRR12798382,2020-11-16 21:51:20,2020-10-08 16:31:34,17048041,5148508382,17048041,302,2110,,https://sra-download.ncbi.nlm.nih.gov/traces/sra78/SRR/012498/SRR12798382,SRX9267300,T144958,WGS,RANDOM,GENOMIC,PAIRED,0,0,ILLUMINA,Illumina HiSeq 4000,SRP286801,PRJNA667732,3,667732,SRS7496780,SAMN16380891,simple,74940,Oncorhynchus tshawytscha,DPCh_plate1_H06,,,,,not collected,,no,,,,,NOAA FISHERIES,SRA1139318,,public,09E5F4CC309C21FF5F6C29614C661AC3,2FD2834DE52C02E0DB67A81EA6D03AA0
SRR12798429,2020-11-16 21:51:19,2020-10-08 16:34:28,11887049,3589888798,11887049,302,1535,,https://sra-download.ncbi.nlm.nih.gov/traces/sra47/SRR/012498/SRR12798429,SRX9267253,T145065,WGS,RANDOM,GENOMIC,PAIRED,0,0,ILLUMINA,Illumina HiSeq 4000,SRP286801,PRJNA667732,3,667732,SRS7496733,SAMN16380948,simple,74940,Oncorhynchus tshawytscha,DPCh_plate2_A02,,,,,not collected,,no,,,,,NOAA FISHERIES,SRA1139318,,public,A86035F1E05722D3A898DD6CACEFD979,6DA9352B0D43BCD489C6AB2133C84835
SRR12798420,2020-11-16 21:51:19,2020-10-08 16:37:01,16863743,5092850386,16863743,302,2173,,https://sra-download.ncbi.nlm.nih.gov/traces/sra58/SRR/012498/SRR12798420,SRX9267262,T145082,WGS,RANDOM,GENOMIC,PAIRED,0,0,ILLUMINA,Illumina HiSeq 4000,SRP286801,PRJNA667732,3,667732,SRS7496742,SAMN16380956,simple,74940,Oncorhynchus tshawytscha,DPCh_plate2_A03,,,,,not collected,,no,,,,,NOAA FISHERIES,SRA1139318,,public,3A16C6C3AB366AF5659548E84E4DF12C,C48D6D9CAA43C261757E3FC1B4C60C78
SRR12798411,2020-11-16 21:51:19,2020-10-08 16:32:12,11782594,3558343388,11782594,302,1486,,https://sra-download.ncbi.nlm.nih.gov/traces/sra36/SRR/012498/SRR12798411,SRX9267271,T145092,WGS,RANDOM,GENOMIC,PAIRED,0,0,ILLUMINA,Illumina HiSeq 4000,SRP286801,PRJNA667732,3,667732,SRS7496751,SAMN16380964,simple,74940,Oncorhynchus tshawytscha,DPCh_plate2_A04,,,,,not collected,,no,,,,,NOAA FISHERIES,SRA1139318,,public,BF4C337EA1F194FECA54FBB893912A2C,8955A22552584943C2560E3A2A476881
SRR12798409,2020-11-16 21:51:19,2020-10-08 16:42:34,15972813,4823789526,15972813,302,2034,,https://sra-download.ncbi.nlm.nih.gov/traces/sra64/SRR/012498/SRR12798409,SRX9267273,T148361,WGS,RANDOM,GENOMIC,PAIRED,0,0,ILLUMINA,Illumina HiSeq 4000,SRP286801,PRJNA667732,3,667732,SRS7496753,SAMN16380988,simple,74940,Oncorhynchus tshawytscha,DPCh_plate2_A07,,,,,not collected,,no,,,,,NOAA FISHERIES,SRA1139318,,public,C0637B00EF41FDBA677936BE71E97510,428050CDF61D24B609F30CC943C38576
SRR12798400,2020-11-16 21:51:19,2020-10-08 16:26:06,5675883,1714116666,5675883,302,735,,https://sra-download.ncbi.nlm.nih.gov/traces/sra47/SRR/012498/SRR12798400,SRX9267282,T148374,WGS,RANDOM,GENOMIC,PAIRED,0,0,ILLUMINA,Illumina HiSeq 4000,SRP286801,PRJNA667732,3,667732,SRS7496762,SAMN16380996,simple,74940,Oncorhynchus tshawytscha,DPCh_plate2_A08,,,,,not collected,,no,,,,,NOAA FISHERIES,SRA1139318,,public,4463D15A07C63FB908790507E2145B68,1C1C73B2037CC06FC2EC782B10DBD7AC
SRR12798428,2020-11-16 21:51:19,2020-10-08 16:39:23,21285062,6428088724,21285062,302,2706,,https://sra-download.ncbi.nlm.nih.gov/traces/sra23/SRR/012498/SRR12798428,SRX9267254,T145066,WGS,RANDOM,GENOMIC,PAIRED,0,0,ILLUMINA,Illumina HiSeq 4000,SRP286801,PRJNA667732,3,667732,SRS7496734,SAMN16380949,simple,74940,Oncorhynchus tshawytscha,DPCh_plate2_B02,,,,,not collected,,no,,,,,NOAA FISHERIES,SRA1139318,,public,2D0587A8148688D2C4152C965DD5124D,14831EA90524344589517D847FA61948
SRR12798419,2020-11-16 21:51:19,2020-10-08 16:42:38,12930379,3904974458,12930379,302,1650,,https://sra-download.ncbi.nlm.nih.gov/traces/sra48/SRR/012498/SRR12798419,SRX9267263,T145084,WGS,RANDOM,GENOMIC,PAIRED,0,0,ILLUMINA,Illumina HiSeq 4000,SRP286801,PRJNA667732,3,667732,SRS7496743,SAMN16380957,simple,74940,Oncorhynchus tshawytscha,DPCh_plate2_B03,,,,,not collected,,no,,,,,NOAA FISHERIES,SRA1139318,,public,12E14044334A3C6376C17992297A881B,127E7D579CB7A08800EE5F2E921F6267
SRR12798410,2020-11-16 21:51:19,2020-10-08 16:27:42,6738414,2035001028,6738414,302,854,,https://sra-download.ncbi.nlm.nih.gov/traces/sra13/SRR/012498/SRR12798410,SRX9267272,T145097,WGS,RANDOM,GENOMIC,PAIRED,0,0,ILLUMINA,Illumina HiSeq 4000,SRP286801,PRJNA667732,3,667732,SRS7496752,SAMN16380965,simple,74940,Oncorhynchus tshawytscha,DPCh_plate2_B04,,,,,not collected,,no,,,,,NOAA FISHERIES,SRA1139318,,public,913B6736974F05EE132897F26F588890,4034F4370C7EF6C7FD67E0AD37DB167B
SRR12798408,2020-11-16 21:51:19,2020-10-08 16:38:50,12711210,3838785420,12711210,302,1643,,https://sra-download.ncbi.nlm.nih.gov/traces/sra55/SRR/012498/SRR12798408,SRX9267274,T148367,WGS,RANDOM,GENOMIC,PAIRED,0,0,ILLUMINA,Illumina HiSeq 4000,SRP286801,PRJNA667732,3,667732,SRS7496754,SAMN16380989,simple,74940,Oncorhynchus tshawytscha,DPCh_plate2_B07,,,,,not collected,,no,,,,,NOAA FISHERIES,SRA1139318,,public,C2DC751ABA1CABE2D7275DB164CDE5A6,48A4B033A9A08DCEE5997F8A3EDC138D
SRR12798399,2020-11-16 21:51:19,2020-10-08 16:28:30,9847358,2973902116,9847358,302,1268,,https://sra-download.ncbi.nlm.nih.gov/traces/sra50/SRR/012498/SRR12798399,SRX9267283,T148386,WGS,RANDOM,GENOMIC,PAIRED,0,0,ILLUMINA,Illumina HiSeq 4000,SRP286801,PRJNA667732,3,667732,SRS7496763,SAMN16380997,simple,74940,Oncorhynchus tshawytscha,DPCh_plate2_B08,,,,,not collected,,no,,,,,NOAA FISHERIES,SRA1139318,,public,E93B8C79D4E6BF825013E510E2E9671E,55F5747B866F8BE7E85FD6904F217779
SRR12798427,2020-11-16 21:51:19,2020-10-08 16:33:22,13380310,4040853620,13380310,302,1728,,https://sra-download.ncbi.nlm.nih.gov/traces/sra20/SRR/012498/SRR12798427,SRX9267255,T145067,WGS,RANDOM,GENOMIC,PAIRED,0,0,ILLUMINA,Illumina HiSeq 4000,SRP286801,PRJNA667732,3,667732,SRS7496735,SAMN16380950,simple,74940,Oncorhynchus tshawytscha,DPCh_plate2_C02,,,,,not collected,,no,,,,,NOAA FISHERIES,SRA1139318,,public,A5B7ADF141D32DA3B6541724D17F7DED,B2D30D0A33087A6E93A580E119A47F7D
SRR12798418,2020-11-16 21:51:19,2020-10-08 16:32:36,14950635,4515091770,14950635,302,1950,,https://sra-download.ncbi.nlm.nih.gov/traces/sra60/SRR/012498/SRR12798418,SRX9267264,T145085,WGS,RANDOM,GENOMIC,PAIRED,0,0,ILLUMINA,Illumina HiSeq 4000,SRP286801,PRJNA667732,3,667732,SRS7496744,SAMN16380958,simple,74940,Oncorhynchus tshawytscha,DPCh_plate2_C03,,,,,not collected,,no,,,,,NOAA FISHERIES,SRA1139318,,public,42011A40792C8978E961ADE57AEA3C2C,4A81E697E9AC33B944028DC091B25182
SRR12798407,2020-11-16 21:51:19,2020-10-08 16:31:35,10120135,3056280770,10120135,302,1310,,https://sra-download.ncbi.nlm.nih.gov/traces/sra19/SRR/012498/SRR12798407,SRX9267275,T148368,WGS,RANDOM,GENOMIC,PAIRED,0,0,ILLUMINA,Illumina HiSeq 4000,SRP286801,PRJNA667732,3,667732,SRS7496755,SAMN16380990,simple,74940,Oncorhynchus tshawytscha,DPCh_plate2_C07,,,,,not collected,,no,,,,,NOAA FISHERIES,SRA1139318,,public,E8915A4AA7C467E6F81ECFE2E76D4FC1,39FEF445F618DA4E1797515EC9AD1752
SRR12798398,2020-11-16 21:51:19,2020-10-08 16:25:16,4666768,1409363936,4666768,302,596,,https://sra-download.ncbi.nlm.nih.gov/traces/sra77/SRR/012498/SRR12798398,SRX9267284,T148391,WGS,RANDOM,GENOMIC,PAIRED,0,0,ILLUMINA,Illumina HiSeq 4000,SRP286801,PRJNA667732,3,667732,SRS7496764,SAMN16380998,simple,74940,Oncorhynchus tshawytscha,DPCh_plate2_C08,,,,,not collected,,no,,,,,NOAA FISHERIES,SRA1139318,,public,7912425046F18A1F034D40C695282593,767A6641C08E1F955EDDEC5250093272
SRR12798426,2020-11-16 21:51:19,2020-10-08 16:44:10,14299674,4318501548,14299674,302,1834,,https://sra-download.ncbi.nlm.nih.gov/traces/sra36/SRR/012498/SRR12798426,SRX9267256,T145068,WGS,RANDOM,GENOMIC,PAIRED,0,0,ILLUMINA,Illumina HiSeq 4000,SRP286801,PRJNA667732,3,667732,SRS7496736,SAMN16380951,simple,74940,Oncorhynchus tshawytscha,DPCh_plate2_D02,,,,,not collected,,no,,,,,NOAA FISHERIES,SRA1139318,,public,7507B8B047D61003ED60FEBE8102E9A8,577A2BE0E12769024184B639AB6D68A1
SRR12798417,2020-11-16 21:51:19,2020-10-08 16:32:28,14739367,4451288834,14739367,302,1910,,https://sra-download.ncbi.nlm.nih.gov/traces/sra63/SRR/012498/SRR12798417,SRX9267265,T145086,WGS,RANDOM,GENOMIC,PAIRED,0,0,ILLUMINA,Illumina HiSeq 4000,SRP286801,PRJNA667732,3,667732,SRS7496745,SAMN16380959,simple,74940,Oncorhynchus tshawytscha,DPCh_plate2_D03,,,,,not collected,,no,,,,,NOAA FISHERIES,SRA1139318,,public,A4684476AC6BCFF9DAB733AF2BF418BF,FB7224D190B7D6A502A08166B34B73B2
SRR12798406,2020-11-16 21:51:19,2020-10-08 16:37:53,19543033,5901995966,19543033,302,2520,,https://sra-download.ncbi.nlm.nih.gov/traces/sra16/SRR/012498/SRR12798406,SRX9267276,T148369,WGS,RANDOM,GENOMIC,PAIRED,0,0,ILLUMINA,Illumina HiSeq 4000,SRP286801,PRJNA667732,3,667732,SRS7496756,SAMN16380991,simple,74940,Oncorhynchus tshawytscha,DPCh_plate2_D07,,,,,not collected,,no,,,,,NOAA FISHERIES,SRA1139318,,public,70535384B829D6BFDA0A976C8ACC7C3C,5E8A311879BD39352D25D2741FB64809
SRR12798397,2020-11-16 21:51:19,2020-10-08 16:48:35,27493260,8302964520,27493260,302,3507,,https://sra-download.ncbi.nlm.nih.gov/traces/sra32/SRR/012498/SRR12798397,SRX9267285,T148392,WGS,RANDOM,GENOMIC,PAIRED,0,0,ILLUMINA,Illumina HiSeq 4000,SRP286801,PRJNA667732,3,667732,SRS7496765,SAMN16380999,simple,74940,Oncorhynchus tshawytscha,DPCh_plate2_D08,,,,,not collected,,no,,,,,NOAA FISHERIES,SRA1139318,,public,6F47B39C85265620D0925C64E8A9D720,2DD96BF867E63840BFCC414DBBF05E1C
SRR12798433,2020-11-16 21:51:19,2020-10-08 16:39:44,15254802,4606950204,15254802,302,1985,,https://sra-download.ncbi.nlm.nih.gov/traces/sra37/SRR/012498/SRR12798433,SRX9267249,T145061,WGS,RANDOM,GENOMIC,PAIRED,0,0,ILLUMINA,Illumina HiSeq 4000,SRP286801,PRJNA667732,3,667732,SRS7496729,SAMN16380944,simple,74940,Oncorhynchus tshawytscha,DPCh_plate2_E01,,,,,not collected,,no,,,,,NOAA FISHERIES,SRA1139318,,public,68E37E4D26838BF03E7B3840D36A5D1F,8CAB201BB13827EE8C7EFFF73ECF5243
SRR12798425,2020-11-16 21:51:19,2020-10-08 16:32:59,14490770,4376212540,14490770,302,1880,,https://sra-download.ncbi.nlm.nih.gov/traces/sra23/SRR/012498/SRR12798425,SRX9267257,T145069,WGS,RANDOM,GENOMIC,PAIRED,0,0,ILLUMINA,Illumina HiSeq 4000,SRP286801,PRJNA667732,3,667732,SRS7496737,SAMN16380952,simple,74940,Oncorhynchus tshawytscha,DPCh_plate2_E02,,,,,not collected,,no,,,,,NOAA FISHERIES,SRA1139318,,public,0B788A5E3FA20EE1981CF8C0260A3E9C,43CB906286389F6EE0EFC13E1F1B13C2
SRR12798416,2020-11-16 21:51:19,2020-10-08 16:35:09,14973516,4522001832,14973516,302,1927,,https://sra-download.ncbi.nlm.nih.gov/traces/sra47/SRR/012498/SRR12798416,SRX9267266,T145087,WGS,RANDOM,GENOMIC,PAIRED,0,0,ILLUMINA,Illumina HiSeq 4000,SRP286801,PRJNA667732,3,667732,SRS7496746,SAMN16380960,simple,74940,Oncorhynchus tshawytscha,DPCh_plate2_E03,,,,,not collected,,no,,,,,NOAA FISHERIES,SRA1139318,,public,FC63A5901644EF4ADAD710483399F281,A67FFBC6660B98A14FB9D6EE2D7CEE1B
SRR12798405,2020-11-16 21:51:19,2020-10-08 16:32:54,16021634,4838533468,16021634,302,2073,,https://sra-download.ncbi.nlm.nih.gov/traces/sra74/SRR/012498/SRR12798405,SRX9267277,T148370,WGS,RANDOM,GENOMIC,PAIRED,0,0,ILLUMINA,Illumina HiSeq 4000,SRP286801,PRJNA667732,3,667732,SRS7496757,SAMN16380992,simple,74940,Oncorhynchus tshawytscha,DPCh_plate2_E07,,,,,not collected,,no,,,,,NOAA FISHERIES,SRA1139318,,public,8B4E5D2EAD953DFBA15D1623E5835C63,A652C11AAC5C50FACA044E5CD040F5FF
SRR12798396,2020-11-16 21:51:19,2020-10-08 16:31:22,8605725,2598928950,8605725,302,1104,,https://sra-download.ncbi.nlm.nih.gov/traces/sra22/SRR/012498/SRR12798396,SRX9267286,T148396,WGS,RANDOM,GENOMIC,PAIRED,0,0,ILLUMINA,Illumina HiSeq 4000,SRP286801,PRJNA667732,3,667732,SRS7496766,SAMN16381000,simple,74940,Oncorhynchus tshawytscha,DPCh_plate2_E08,,,,,not collected,,no,,,,,NOAA FISHERIES,SRA1139318,,public,7A475875E4700BD108FD9034617E574F,EA3EA6D46EDB49B3CCD5202F2B4D40FB
SRR12798432,2020-11-16 21:51:19,2020-10-08 16:38:11,17702326,5346102452,17702326,302,2293,,https://sra-download.ncbi.nlm.nih.gov/traces/sra60/SRR/012498/SRR12798432,SRX9267250,T145062,WGS,RANDOM,GENOMIC,PAIRED,0,0,ILLUMINA,Illumina HiSeq 4000,SRP286801,PRJNA667732,3,667732,SRS7496730,SAMN16380945,simple,74940,Oncorhynchus tshawytscha,DPCh_plate2_F01,,,,,not collected,,no,,,,,NOAA FISHERIES,SRA1139318,,public,7EE682FA91D056137B52E6A47037A22F,D1F4539773094422D7A1AD27D5D58834
SRR12798424,2020-11-16 21:51:19,2020-10-08 16:34:09,16463801,4972067902,16463801,302,2166,,https://sra-download.ncbi.nlm.nih.gov/traces/sra1/SRR/012498/SRR12798424,SRX9267258,T145070,WGS,RANDOM,GENOMIC,PAIRED,0,0,ILLUMINA,Illumina HiSeq 4000,SRP286801,PRJNA667732,3,667732,SRS7496738,SAMN16380953,simple,74940,Oncorhynchus tshawytscha,DPCh_plate2_F02,,,,,not collected,,no,,,,,NOAA FISHERIES,SRA1139318,,public,B479535CE553FF0412397E1129D1423B,07E8027AAC5659CFA292EE32C68C1C11
SRR12798415,2020-11-16 21:51:19,2020-10-08 16:35:21,16257613,4909799126,16257613,302,2088,,https://sra-download.ncbi.nlm.nih.gov/traces/sra53/SRR/012498/SRR12798415,SRX9267267,T145088,WGS,RANDOM,GENOMIC,PAIRED,0,0,ILLUMINA,Illumina HiSeq 4000,SRP286801,PRJNA667732,3,667732,SRS7496747,SAMN16380961,simple,74940,Oncorhynchus tshawytscha,DPCh_plate2_F03,,,,,not collected,,no,,,,,NOAA FISHERIES,SRA1139318,,public,7F9BB2B5676111AF49AD2A9B375D6E9F,99BA9A52CC5503C597A6E9006D403A77
SRR12798404,2020-11-16 21:51:19,2020-10-08 16:33:35,16481793,4977501486,16481793,302,2127,,https://sra-download.ncbi.nlm.nih.gov/traces/sra11/SRR/012498/SRR12798404,SRX9267278,T148371,WGS,RANDOM,GENOMIC,PAIRED,0,0,ILLUMINA,Illumina HiSeq 4000,SRP286801,PRJNA667732,3,667732,SRS7496758,SAMN16380993,simple,74940,Oncorhynchus tshawytscha,DPCh_plate2_F07,,,,,not collected,,no,,,,,NOAA FISHERIES,SRA1139318,,public,A76727851BCBB0B639BF8AE943F2C3A2,CFC506CF9D6C9239AB9165D7F63EF826
SRR12798395,2020-11-16 21:51:19,2020-10-08 16:28:11,9832955,2969552410,9832955,302,1257,,https://sra-download.ncbi.nlm.nih.gov/traces/sra74/SRR/012498/SRR12798395,SRX9267287,T148397,WGS,RANDOM,GENOMIC,PAIRED,0,0,ILLUMINA,Illumina HiSeq 4000,SRP286801,PRJNA667732,3,667732,SRS7496767,SAMN16381001,simple,74940,Oncorhynchus tshawytscha,DPCh_plate2_F08,,,,,not collected,,no,,,,,NOAA FISHERIES,SRA1139318,,public,651D2DD160FE1EC150B2C4BEDC122CF5,37D234B22A03BBE4ABA7DD810B50FA34
SRR12798431,2020-11-16 21:51:19,2020-10-08 16:36:12,18819713,5683553326,18819713,302,2426,,https://sra-download.ncbi.nlm.nih.gov/traces/sra59/SRR/012498/SRR12798431,SRX9267251,T145063,WGS,RANDOM,GENOMIC,PAIRED,0,0,ILLUMINA,Illumina HiSeq 4000,SRP286801,PRJNA667732,3,667732,SRS7496731,SAMN16380946,simple,74940,Oncorhynchus tshawytscha,DPCh_plate2_G01,,,,,not collected,,no,,,,,NOAA FISHERIES,SRA1139318,,public,91EB9A1B5DDDB43FCCE09194D8ECBB2C,E08A5EA4E78EE7A4671A216BDA95ECC5
SRR12798422,2020-11-16 21:51:19,2020-10-08 16:38:40,20503145,6191949790,20503145,302,2663,,https://sra-download.ncbi.nlm.nih.gov/traces/sra14/SRR/012498/SRR12798422,SRX9267260,T145071,WGS,RANDOM,GENOMIC,PAIRED,0,0,ILLUMINA,Illumina HiSeq 4000,SRP286801,PRJNA667732,3,667732,SRS7496740,SAMN16380954,simple,74940,Oncorhynchus tshawytscha,DPCh_plate2_G02,,,,,not collected,,no,,,,,NOAA FISHERIES,SRA1139318,,public,D169DFAB5C10D27A87797065B9CAF990,2EB50EAD8F0F5ACE8FF7A7B8FAE26356
SRR12798414,2020-11-16 21:51:19,2020-10-08 16:35:33,20164751,6089754802,20164751,302,2609,,https://sra-download.ncbi.nlm.nih.gov/traces/sra57/SRR/012498/SRR12798414,SRX9267268,T145089,WGS,RANDOM,GENOMIC,PAIRED,0,0,ILLUMINA,Illumina HiSeq 4000,SRP286801,PRJNA667732,3,667732,SRS7496748,SAMN16380962,simple,74940,Oncorhynchus tshawytscha,DPCh_plate2_G03,,,,,not collected,,no,,,,,NOAA FISHERIES,SRA1139318,,public,7E4FC9DC89002A4C6879068C565D9FF9,0720A9FBA5E0DAA9AC2628216A0A534E
SRR12798402,2020-11-16 21:51:19,2020-10-08 16:36:41,20743597,6264566294,20743597,302,2683,,https://sra-download.ncbi.nlm.nih.gov/traces/sra60/SRR/012498/SRR12798402,SRX9267280,T148372,WGS,RANDOM,GENOMIC,PAIRED,0,0,ILLUMINA,Illumina HiSeq 4000,SRP286801,PRJNA667732,3,667732,SRS7496760,SAMN16380994,simple,74940,Oncorhynchus tshawytscha,DPCh_plate2_G07,,,,,not collected,,no,,,,,NOAA FISHERIES,SRA1139318,,public,ACB77566DF7D1193BA490FD62C810EFD,9F4A7FD6E1B09CA75194BE951D7CD638
SRR12798394,2020-11-16 21:51:19,2020-10-08 16:28:30,8433431,2546896162,8433431,302,1100,,https://sra-download.ncbi.nlm.nih.gov/traces/sra26/SRR/012498/SRR12798394,SRX9267288,T148407,WGS,RANDOM,GENOMIC,PAIRED,0,0,ILLUMINA,Illumina HiSeq 4000,SRP286801,PRJNA667732,3,667732,SRS7496768,SAMN16381002,simple,74940,Oncorhynchus tshawytscha,DPCh_plate2_G08,,,,,not collected,,no,,,,,NOAA FISHERIES,SRA1139318,,public,EF8248FE882CD4451F7BE74C2D3EBA23,94B90EB32B8933CABF69D1A387C59DD0
SRR12798430,2020-11-16 21:51:19,2020-10-08 16:34:27,14026687,4236059474,14026687,302,1817,,https://sra-download.ncbi.nlm.nih.gov/traces/sra23/SRR/012498/SRR12798430,SRX9267252,T145064,WGS,RANDOM,GENOMIC,PAIRED,0,0,ILLUMINA,Illumina HiSeq 4000,SRP286801,PRJNA667732,3,667732,SRS7496732,SAMN16380947,simple,74940,Oncorhynchus tshawytscha,DPCh_plate2_H01,,,,,not collected,,no,,,,,NOAA FISHERIES,SRA1139318,,public,62CD88C26F0EE89413852E4A8A98E7C5,520BDBBDFCBCC2CE9F039C20C9CFC32A
SRR12798421,2020-11-16 21:51:19,2020-10-08 16:37:48,22808487,6888163074,22808487,302,2934,,https://sra-download.ncbi.nlm.nih.gov/traces/sra80/SRR/012498/SRR12798421,SRX9267261,T145073,WGS,RANDOM,GENOMIC,PAIRED,0,0,ILLUMINA,Illumina HiSeq 4000,SRP286801,PRJNA667732,3,667732,SRS7496741,SAMN16380955,simple,74940,Oncorhynchus tshawytscha,DPCh_plate2_H02,,,,,not collected,,no,,,,,NOAA FISHERIES,SRA1139318,,public,D02DD21DFA4A2A6D419F431329E79E77,326A2A5418CD419E61EB05903E07F815
SRR12798413,2020-11-16 21:51:19,2020-10-08 16:36:51,18096821,5465239942,18096821,302,2345,,https://sra-download.ncbi.nlm.nih.gov/traces/sra47/SRR/012498/SRR12798413,SRX9267269,T145091,WGS,RANDOM,GENOMIC,PAIRED,0,0,ILLUMINA,Illumina HiSeq 4000,SRP286801,PRJNA667732,3,667732,SRS7496749,SAMN16380963,simple,74940,Oncorhynchus tshawytscha,DPCh_plate2_H03,,,,,not collected,,no,,,,,NOAA FISHERIES,SRA1139318,,public,1D476644E062263B20EF711C6BA3A351,C922D34F3C6399FDB0CBB3C067382E2E
SRR12798401,2020-11-16 21:51:19,2020-10-08 16:45:22,16944914,5117364028,16944914,302,2195,,https://sra-download.ncbi.nlm.nih.gov/traces/sra36/SRR/012498/SRR12798401,SRX9267281,T148373,WGS,RANDOM,GENOMIC,PAIRED,0,0,ILLUMINA,Illumina HiSeq 4000,SRP286801,PRJNA667732,3,667732,SRS7496761,SAMN16380995,simple,74940,Oncorhynchus tshawytscha,DPCh_plate2_H07,,,,,not collected,,no,,,,,NOAA FISHERIES,SRA1139318,,public,E793D32352656C769666366854B45FA7,0AC861EDDCC14EFC907076D21ACD088D
SRR12798393,2020-11-16 21:51:20,2020-10-08 16:32:00,10676926,3224431652,10676926,302,1376,,https://sra-download.ncbi.nlm.nih.gov/traces/sra58/SRR/012498/SRR12798393,SRX9267289,T148412,WGS,RANDOM,GENOMIC,PAIRED,0,0,ILLUMINA,Illumina HiSeq 4000,SRP286801,PRJNA667732,3,667732,SRS7496769,SAMN16381003,simple,74940,Oncorhynchus tshawytscha,DPCh_plate2_H08,,,,,not collected,,no,,,,,NOAA FISHERIES,SRA1139318,,public,5633F762F44B3819542D146643838085,8111E3A73B9BCA4DCDBACACBE37ACD65

